id,name,path
1,Store-V1,/Volumes/MOCP_AI/.Spotlight-V100/Store-V1
2,journals.assisted_import_post,/Volumes/MOCP_AI/.Spotlight-V100/Store-V2/4BD8A730-68EB-4A39-A4A7-8800776DD1AA/journals.assisted_import_post
3,journals.assisted_import_pre,/Volumes/MOCP_AI/.Spotlight-V100/Store-V2/4BD8A730-68EB-4A39-A4A7-8800776DD1AA/journals.assisted_import_pre
4,journals.corespotlight,/Volumes/MOCP_AI/.Spotlight-V100/Store-V2/4BD8A730-68EB-4A39-A4A7-8800776DD1AA/journals.corespotlight
5,journals.health_check,/Volumes/MOCP_AI/.Spotlight-V100/Store-V2/4BD8A730-68EB-4A39-A4A7-8800776DD1AA/journals.health_check
6,journals.live,/Volumes/MOCP_AI/.Spotlight-V100/Store-V2/4BD8A730-68EB-4A39-A4A7-8800776DD1AA/journals.live
7,journals.live_priority,/Volumes/MOCP_AI/.Spotlight-V100/Store-V2/4BD8A730-68EB-4A39-A4A7-8800776DD1AA/journals.live_priority
8,journals.live_system,/Volumes/MOCP_AI/.Spotlight-V100/Store-V2/4BD8A730-68EB-4A39-A4A7-8800776DD1AA/journals.live_system
9,journals.live_user,/Volumes/MOCP_AI/.Spotlight-V100/Store-V2/4BD8A730-68EB-4A39-A4A7-8800776DD1AA/journals.live_user
10,journals.migration,/Volumes/MOCP_AI/.Spotlight-V100/Store-V2/4BD8A730-68EB-4A39-A4A7-8800776DD1AA/journals.migration
11,journals.migration_secondchance,/Volumes/MOCP_AI/.Spotlight-V100/Store-V2/4BD8A730-68EB-4A39-A4A7-8800776DD1AA/journals.migration_secondchance
12,journals.repair,/Volumes/MOCP_AI/.Spotlight-V100/Store-V2/4BD8A730-68EB-4A39-A4A7-8800776DD1AA/journals.repair
13,journals.scan,/Volumes/MOCP_AI/.Spotlight-V100/Store-V2/4BD8A730-68EB-4A39-A4A7-8800776DD1AA/journals.scan
14,4BD8A730-68EB-4A39-A4A7-8800776DD1AA,/Volumes/MOCP_AI/.Spotlight-V100/Store-V2/4BD8A730-68EB-4A39-A4A7-8800776DD1AA
15,journals.assisted_import_post,/Volumes/MOCP_AI/.Spotlight-V100/Store-V2/AE31601F-BE8C-44E5-8560-C9EFB0C59A3A/journals.assisted_import_post
16,journals.assisted_import_pre,/Volumes/MOCP_AI/.Spotlight-V100/Store-V2/AE31601F-BE8C-44E5-8560-C9EFB0C59A3A/journals.assisted_import_pre
17,journals.corespotlight,/Volumes/MOCP_AI/.Spotlight-V100/Store-V2/AE31601F-BE8C-44E5-8560-C9EFB0C59A3A/journals.corespotlight
18,journals.health_check,/Volumes/MOCP_AI/.Spotlight-V100/Store-V2/AE31601F-BE8C-44E5-8560-C9EFB0C59A3A/journals.health_check
19,journals.live,/Volumes/MOCP_AI/.Spotlight-V100/Store-V2/AE31601F-BE8C-44E5-8560-C9EFB0C59A3A/journals.live
20,journals.live_priority,/Volumes/MOCP_AI/.Spotlight-V100/Store-V2/AE31601F-BE8C-44E5-8560-C9EFB0C59A3A/journals.live_priority
21,journals.live_system,/Volumes/MOCP_AI/.Spotlight-V100/Store-V2/AE31601F-BE8C-44E5-8560-C9EFB0C59A3A/journals.live_system
22,journals.live_user,/Volumes/MOCP_AI/.Spotlight-V100/Store-V2/AE31601F-BE8C-44E5-8560-C9EFB0C59A3A/journals.live_user
23,journals.migration,/Volumes/MOCP_AI/.Spotlight-V100/Store-V2/AE31601F-BE8C-44E5-8560-C9EFB0C59A3A/journals.migration
24,journals.migration_secondchance,/Volumes/MOCP_AI/.Spotlight-V100/Store-V2/AE31601F-BE8C-44E5-8560-C9EFB0C59A3A/journals.migration_secondchance
25,journals.repair,/Volumes/MOCP_AI/.Spotlight-V100/Store-V2/AE31601F-BE8C-44E5-8560-C9EFB0C59A3A/journals.repair
26,journals.scan,/Volumes/MOCP_AI/.Spotlight-V100/Store-V2/AE31601F-BE8C-44E5-8560-C9EFB0C59A3A/journals.scan
27,AE31601F-BE8C-44E5-8560-C9EFB0C59A3A,/Volumes/MOCP_AI/.Spotlight-V100/Store-V2/AE31601F-BE8C-44E5-8560-C9EFB0C59A3A
28,Store-V2,/Volumes/MOCP_AI/.Spotlight-V100/Store-V2
29,502,/Volumes/MOCP_AI/.Trashes/502
30,40+4,/Volumes/MOCP_AI/40+4
31,"51000 00011","/Volumes/MOCP_AI/51000 00011"
32,A_J_S,/Volumes/MOCP_AI/A_J_S
33,Abbott_B,/Volumes/MOCP_AI/Abbott_B
34,Abrahamson_M,/Volumes/MOCP_AI/Abrahamson_M
35,Abramovic_M,/Volumes/MOCP_AI/Abramovic_M
36,Abramson_M,/Volumes/MOCP_AI/Abramson_M
37,Abubeker_Z,/Volumes/MOCP_AI/Abubeker_Z
38,Acconci_V,/Volumes/MOCP_AI/Acconci_V
39,Adams_A,/Volumes/MOCP_AI/Adams_A
40,Adams_K,/Volumes/MOCP_AI/Adams_K
41,Adams_R,/Volumes/MOCP_AI/Adams_R
42,Adams_SL,/Volumes/MOCP_AI/Adams_SL
43,Agresti_A,/Volumes/MOCP_AI/Agresti_A
44,"Ai Weiwei","/Volumes/MOCP_AI/Ai Weiwei"
45,Akerlund_J,/Volumes/MOCP_AI/Akerlund_J
46,Akhlaghi_A,/Volumes/MOCP_AI/Akhlaghi_A
47,Albanese_G,/Volumes/MOCP_AI/Albanese_G
48,Alderson_J,/Volumes/MOCP_AI/Alderson_J
49,Alexander_Grohman_M,/Volumes/MOCP_AI/Alexander_Grohman_M
50,Algaze_M,/Volumes/MOCP_AI/Algaze_M
51,Alinder_J,/Volumes/MOCP_AI/Alinder_J
52,Allen_AA,/Volumes/MOCP_AI/Allen_AA
53,"Harold Allen_files","/Volumes/MOCP_AI/Allen_H/Harold Allen_files"
54,Allen_H,/Volumes/MOCP_AI/Allen_H
55,Almond_D,/Volumes/MOCP_AI/Almond_D
56,Althouse_S,/Volumes/MOCP_AI/Althouse_S
57,Alvarez_T,/Volumes/MOCP_AI/Alvarez_T
58,Amato_M,/Volumes/MOCP_AI/Amato_M
59,Ambrogi_P,/Volumes/MOCP_AI/Ambrogi_P
60,Andeel_M,/Volumes/MOCP_AI/Andeel_M
61,Anderle_J,/Volumes/MOCP_AI/Anderle_J
62,Anderson_C,/Volumes/MOCP_AI/Anderson_C
63,Anderson_D,/Volumes/MOCP_AI/Anderson_D
64,Andrade_Y,/Volumes/MOCP_AI/Andrade_Y
65,Andrews_B,/Volumes/MOCP_AI/Andrews_B
66,Anonymous,/Volumes/MOCP_AI/Anonymous
67,Antman_F,/Volumes/MOCP_AI/Antman_F
68,Aparicio_E,/Volumes/MOCP_AI/Aparicio_E
69,Arazmus_S,/Volumes/MOCP_AI/Arazmus_S
70,Arbus_D,/Volumes/MOCP_AI/Arbus_D
71,Armour_T,/Volumes/MOCP_AI/Armour_T
72,Arndt_TF,/Volumes/MOCP_AI/Arndt_TF
73,"supplementary materials","/Volumes/MOCP_AI/Arnold_B/supplementary materials"
74,Arnold_B,/Volumes/MOCP_AI/Arnold_B
75,Arnold_T,/Volumes/MOCP_AI/Arnold_T
76,"Art Institute Print PB","/Volumes/MOCP_AI/Art Institute Print PB"
77,Ashton-Harris_L,/Volumes/MOCP_AI/Ashton-Harris_L
78,Ashton_K,/Volumes/MOCP_AI/Ashton_K
79,Atget_E,/Volumes/MOCP_AI/Atget_E
80,Atterberry_JP,/Volumes/MOCP_AI/Atterberry_JP
81,Attie_S,/Volumes/MOCP_AI/Attie_S
82,Atwater_S,/Volumes/MOCP_AI/Atwater_S
83,Aurinko_S,/Volumes/MOCP_AI/Aurinko_S
84,Axelrad_S_et_al,/Volumes/MOCP_AI/Avison_D/Axelrad_S_et_al
85,Avison_D,/Volumes/MOCP_AI/Avison_D
86,AzizCucher,/Volumes/MOCP_AI/AzizCucher
87,Aztalos_C,/Volumes/MOCP_AI/Aztalos_C
88,Babis_L,/Volumes/MOCP_AI/Babis_L
89,Back_SW,/Volumes/MOCP_AI/Back_SW
90,Baden_E,/Volumes/MOCP_AI/Baden_E
91,Baden_K,/Volumes/MOCP_AI/Baden_K
92,Bailey_TD,/Volumes/MOCP_AI/Bailey_TD
93,Bailleres_J,/Volumes/MOCP_AI/Bailleres_J
94,Baker_H,/Volumes/MOCP_AI/Baker_H
95,"extra large","/Volumes/MOCP_AI/Baldessari_J/high-res/extra large"
96,Baldessari_J,/Volumes/MOCP_AI/Baldessari_J
97,Ballogg_M,/Volumes/MOCP_AI/Ballogg_M
98,Baltermants_D,/Volumes/MOCP_AI/Baltermants_D
99,Baltz_L,/Volumes/MOCP_AI/Baltz_L
100,Bamberger_T,/Volumes/MOCP_AI/Bamberger_T
101,Banka_P,/Volumes/MOCP_AI/Banka_P
102,Bankhead_J,/Volumes/MOCP_AI/Bankhead_J
103,Baptiste_B,/Volumes/MOCP_AI/Baptiste_B
104,Baran_T,/Volumes/MOCP_AI/Baran_T
105,Barbieri_O,/Volumes/MOCP_AI/Barbieri_O
106,Barel_T,/Volumes/MOCP_AI/Barel_T
107,Barnard_GN,/Volumes/MOCP_AI/Barnard_GN
108,Barnbaum_B,/Volumes/MOCP_AI/Barnbaum_B
109,Barnes_R,/Volumes/MOCP_AI/Barnes_R
110,Barnette_E,/Volumes/MOCP_AI/Barnette_E
111,Barney_T,/Volumes/MOCP_AI/Barney_T
112,Baron_SA,/Volumes/MOCP_AI/Baron_SA
113,Barrow_T,/Volumes/MOCP_AI/Barrow_T
114,Barsotti_F,/Volumes/MOCP_AI/Barsotti_F
115,Barth_U,/Volumes/MOCP_AI/Barth_U
116,Bassman_L,/Volumes/MOCP_AI/Bassman_L
117,Batchelder_B,/Volumes/MOCP_AI/Batchelder_B
118,Abbott_B,/Volumes/MOCP_AI/Baum/Abbott_B
119,Allen_AA,/Volumes/MOCP_AI/Baum/Allen_AA
120,Allen_H,/Volumes/MOCP_AI/Baum/Allen_H
121,Anonymous,/Volumes/MOCP_AI/Baum/Anonymous
122,Barnbuam_B,/Volumes/MOCP_AI/Baum/Barnbuam_B
123,Berg_P,/Volumes/MOCP_AI/Baum/Berg_P
124,Brandt_B,/Volumes/MOCP_AI/Baum/Brandt_B
125,Brugiere_F,/Volumes/MOCP_AI/Baum/Brugiere_F
126,Caffery_DF,/Volumes/MOCP_AI/Baum/Caffery_DF
127,Callahan_H,/Volumes/MOCP_AI/Baum/Callahan_H
128,Cameron_JM,/Volumes/MOCP_AI/Baum/Cameron_JM
129,Caproni_B,/Volumes/MOCP_AI/Baum/Caproni_B
130,CartierBresson_H,/Volumes/MOCP_AI/Baum/CartierBresson_H
131,Coster_G,/Volumes/MOCP_AI/Baum/Coster_G
132,Crane_B,/Volumes/MOCP_AI/Baum/Crane_B
133,Cunningham_I,/Volumes/MOCP_AI/Baum/Cunningham_I
134,Davidson_B,/Volumes/MOCP_AI/Baum/Davidson_B
135,Degrane_L,/Volumes/MOCP_AI/Baum/Degrane_L
136,Delano_J,/Volumes/MOCP_AI/Baum/Delano_J
137,Doisneau_R,/Volumes/MOCP_AI/Baum/Doisneau_R
138,Eisenstaedt_A,/Volumes/MOCP_AI/Baum/Eisenstaedt_A
139,Faurer_L,/Volumes/MOCP_AI/Baum/Faurer_L
140,Fontana_F,/Volumes/MOCP_AI/Baum/Fontana_F
141,Fontcuberta_J,/Volumes/MOCP_AI/Baum/Fontcuberta_J
142,Garduno_F,/Volumes/MOCP_AI/Baum/Garduno_F
143,Hak_Miroslav,/Volumes/MOCP_AI/Baum/Hak_Miroslav
144,Hine_L,/Volumes/MOCP_AI/Baum/Hine_L
145,Ishimoto_Y,/Volumes/MOCP_AI/Baum/Ishimoto_Y
146,Iturbide_G,/Volumes/MOCP_AI/Baum/Iturbide_G
147,Jacobi_L,/Volumes/MOCP_AI/Baum/Jacobi_L
148,Jaffe_J,/Volumes/MOCP_AI/Baum/Jaffe_J
149,Josephson_K,/Volumes/MOCP_AI/Baum/Josephson_K
150,Kepes_G,/Volumes/MOCP_AI/Baum/Kepes_G
151,Kertesz_A,/Volumes/MOCP_AI/Baum/Kertesz_A
152,Klein_W,/Volumes/MOCP_AI/Baum/Klein_W
153,Klett_M,/Volumes/MOCP_AI/Baum/Klett_M
154,Korth_F,/Volumes/MOCP_AI/Baum/Korth_F
155,Lartigue_J,/Volumes/MOCP_AI/Baum/Lartigue_J
156,Learner_N,/Volumes/MOCP_AI/Baum/Learner_N
157,Levinstein_L,/Volumes/MOCP_AI/Baum/Levinstein_L
158,Levitt_H,/Volumes/MOCP_AI/Baum/Levitt_H
159,Lund_R,/Volumes/MOCP_AI/Baum/Lund_R
160,Mark_ME,/Volumes/MOCP_AI/Baum/Mark_ME
161,Markus_K,/Volumes/MOCP_AI/Baum/Markus_K
162,Meatyard_RE,/Volumes/MOCP_AI/Baum/Meatyard_RE
163,Medina_L,/Volumes/MOCP_AI/Baum/Medina_L
164,Morell_A,/Volumes/MOCP_AI/Baum/Morell_A
165,Morgan_B,/Volumes/MOCP_AI/Baum/Morgan_B
166,MotherJonesPB,/Volumes/MOCP_AI/Baum/MotherJonesPB
167,Neimanas_J,/Volumes/MOCP_AI/Baum/Neimanas_J
168,Nickel_R,/Volumes/MOCP_AI/Baum/Nickel_R
169,Pallas_M,/Volumes/MOCP_AI/Baum/Pallas_M
170,Paukstys_S,/Volumes/MOCP_AI/Baum/Paukstys_S
171,Plowden_D,/Volumes/MOCP_AI/Baum/Plowden_D
172,Riboud_M,/Volumes/MOCP_AI/Baum/Riboud_M
173,Rosenblum_W,/Volumes/MOCP_AI/Baum/Rosenblum_W
174,Rothstein_A,/Volumes/MOCP_AI/Baum/Rothstein_A
175,Sheik_F,/Volumes/MOCP_AI/Baum/Sheik_F
176,Siegel_A,/Volumes/MOCP_AI/Baum/Siegel_A
177,Siskind_A,/Volumes/MOCP_AI/Baum/Siskind_A
178,Sortore_A,/Volumes/MOCP_AI/Baum/Sortore_A
179,Steichen_E,/Volumes/MOCP_AI/Baum/Steichen_E
180,Steiglitz_A,/Volumes/MOCP_AI/Baum/Steiglitz_A
181,Strand_P,/Volumes/MOCP_AI/Baum/Strand_P
182,Szarkowski_J,/Volumes/MOCP_AI/Baum/Szarkowski_J
183,Thall_B,/Volumes/MOCP_AI/Baum/Thall_B
184,Uelsmann_J,/Volumes/MOCP_AI/Baum/Uelsmann_J
185,Ulmann_D,/Volumes/MOCP_AI/Baum/Ulmann_D
186,UnidentifyedArtists,/Volumes/MOCP_AI/Baum/UnidentifyedArtists
187,Vishniac_R,/Volumes/MOCP_AI/Baum/Vishniac_R
188,Wegman_W,/Volumes/MOCP_AI/Baum/Wegman_W
189,White_C,/Volumes/MOCP_AI/Baum/White_C
190,White_Steiglitz,/Volumes/MOCP_AI/Baum/White_Steiglitz
191,Worth_D,/Volumes/MOCP_AI/Baum/Worth_D
192,Zimbel_G,/Volumes/MOCP_AI/Baum/Zimbel_G
193,Baum,/Volumes/MOCP_AI/Baum
194,Baumgarten_L,/Volumes/MOCP_AI/Baumgarten_L
195,Baver_P,/Volumes/MOCP_AI/Baver_P
196,Bayer_H,/Volumes/MOCP_AI/Bayer_H
197,Bayless_N,/Volumes/MOCP_AI/Bayless_N
198,Baz_D,/Volumes/MOCP_AI/Baz_D
199,Beach_A,/Volumes/MOCP_AI/Beach_A
200,Beaubien_A,/Volumes/MOCP_AI/Beaubien_A
201,Becker_H,/Volumes/MOCP_AI/Becker_H
202,Beeche_R,/Volumes/MOCP_AI/Beeche_R
203,Bell_A,/Volumes/MOCP_AI/Bell_A
204,Bell_Adam,/Volumes/MOCP_AI/Bell_Adam
205,Bell_J,/Volumes/MOCP_AI/Bell_J
206,"Benedict_M and Rueter_D","/Volumes/MOCP_AI/Benedict_M and Rueter_D"
207,Benjamin_M,/Volumes/MOCP_AI/Benjamin_M
208,Benson_J,/Volumes/MOCP_AI/Benson_J
209,Benton_Harris_J,/Volumes/MOCP_AI/Benton_Harris_J
210,Berens_S,/Volumes/MOCP_AI/Berens_S
211,Berg_P,/Volumes/MOCP_AI/Berg_P
212,Berger_D,/Volumes/MOCP_AI/Berger_D
213,Berger_P,/Volumes/MOCP_AI/Berger_P
214,Bergman_R,/Volumes/MOCP_AI/Bergman_R
215,Berman_Z,/Volumes/MOCP_AI/Berman_Z
216,Bernard_C,/Volumes/MOCP_AI/Bernard_C
217,Bernhard_R,/Volumes/MOCP_AI/Bernhard_R
218,Besold,/Volumes/MOCP_AI/Besold
219,Bessard_P,/Volumes/MOCP_AI/Bessard_P
220,1993_16_1-8individual,/Volumes/MOCP_AI/Bey_D/1993_16_1-8individual
221,Bey_D,/Volumes/MOCP_AI/Bey_D
222,Bezukladnikov_A,/Volumes/MOCP_AI/Bezukladnikov_A
223,Bien_BaeU,/Volumes/MOCP_AI/Bien_BaeU
224,Bilal_W,/Volumes/MOCP_AI/Bilal_W
225,Bing_I,/Volumes/MOCP_AI/Bing_I
226,Birdhead,/Volumes/MOCP_AI/Birdhead
227,Black_Lewis,/Volumes/MOCP_AI/Black_Lewis
228,Blacklow_L,/Volumes/MOCP_AI/Blacklow_L
229,Blair_J,/Volumes/MOCP_AI/Blair_J
230,Blandori_M,/Volumes/MOCP_AI/Blandori_M
231,Blasco_I,/Volumes/MOCP_AI/Blasco_I
232,Blau_D,/Volumes/MOCP_AI/Blau_D
233,Bleck_N,/Volumes/MOCP_AI/Bleck_N
234,Bleckner_R,/Volumes/MOCP_AI/Bleckner_R
235,Blinder_J,/Volumes/MOCP_AI/Blinder_J
236,Bloch_P,/Volumes/MOCP_AI/Bloch_P
237,Blossfeldt_K,/Volumes/MOCP_AI/Blossfeldt_K
238,Boberg_O,/Volumes/MOCP_AI/Boberg_O
239,Bodrov_G,/Volumes/MOCP_AI/Bodrov_G
240,"Boersma_ J","/Volumes/MOCP_AI/Boersma_ J"
241,Bogus_G,/Volumes/MOCP_AI/Bogus_G
242,Bolen_J,/Volumes/MOCP_AI/Bolen_J
243,"boltanski extras","/Volumes/MOCP_AI/Boltanski_C/boltanski extras"
244,Boltanski_C,/Volumes/MOCP_AI/Boltanski_C
245,Bonet_C,/Volumes/MOCP_AI/Bonet_C
246,Borges_P,/Volumes/MOCP_AI/Borges_P
247,Borowiec_A,/Volumes/MOCP_AI/Borowiec_A
248,Bortkowitz_D,/Volumes/MOCP_AI/Bortkowitz_D
249,Boruch_M,/Volumes/MOCP_AI/Boruch_M
250,Botz_CM,/Volumes/MOCP_AI/Botz_CM
251,Bowers_H,/Volumes/MOCP_AI/Bowers_H
252,Brabee_K,/Volumes/MOCP_AI/Brabee_K
253,Bradshaw_W,/Volumes/MOCP_AI/Bradshaw_W
254,Brady_A,/Volumes/MOCP_AI/Brady_A
255,Brandt_B,/Volumes/MOCP_AI/Brandt_B
256,Brandt_M,/Volumes/MOCP_AI/Brandt_M
257,low-res,/Volumes/MOCP_AI/Bravo_M/low-res
258,Bravo_M,/Volumes/MOCP_AI/Bravo_M
259,Brewer_R,/Volumes/MOCP_AI/Brewer_R
260,Bridges_J,/Volumes/MOCP_AI/Bridges_J
261,Bridges_M,/Volumes/MOCP_AI/Bridges_M
262,Bright_D,/Volumes/MOCP_AI/Bright_D
263,Brigidi_S,/Volumes/MOCP_AI/Brigidi_S
264,"Brohm Seidel","/Volumes/MOCP_AI/Brohm Seidel"
265,Brok_J,/Volumes/MOCP_AI/Brok_J
266,Brooks_E,/Volumes/MOCP_AI/Brooks_E
267,Bross_S,/Volumes/MOCP_AI/Bross_S
268,Brown_G,/Volumes/MOCP_AI/Brown_G
269,Brown_L,/Volumes/MOCP_AI/Brown_L
270,Brown_N,/Volumes/MOCP_AI/Brown_N
271,Brugiere_F,/Volumes/MOCP_AI/Brugiere_F
272,Buffalo_ZR,/Volumes/MOCP_AI/Buffalo_ZR
273,Bullock_E,/Volumes/MOCP_AI/Bullock_E
274,Bullock_W,/Volumes/MOCP_AI/Bullock_W
275,Burchard_J,/Volumes/MOCP_AI/Burchard_J
276,Burchfield_J,/Volumes/MOCP_AI/Burchfield_J
277,Burke_J,/Volumes/MOCP_AI/Burke_J
278,Burkett_C,/Volumes/MOCP_AI/Burkett_C
279,Burkhart_K,/Volumes/MOCP_AI/Burkhart_K
280,Burlison_B,/Volumes/MOCP_AI/Burlison_B
281,Burns_Marsha,/Volumes/MOCP_AI/Burns_Marsha
282,Burns_Michael,/Volumes/MOCP_AI/Burns_Michael
283,Burson_N,/Volumes/MOCP_AI/Burson_N
284,Burton_W,/Volumes/MOCP_AI/Burton_W
285,Burtynsky_E,/Volumes/MOCP_AI/Burtynsky_E
286,Bussieres_R,/Volumes/MOCP_AI/Bussieres_R
287,Bustamente_J,/Volumes/MOCP_AI/Bustamente_J
288,Butler_J,/Volumes/MOCP_AI/Butler_J
289,Cabanban_R,/Volumes/MOCP_AI/Cabanban_R
290,Cable_W,/Volumes/MOCP_AI/Cable_W
291,Caemmerer_K,/Volumes/MOCP_AI/Caemmerer_K
292,Caffery_DF,/Volumes/MOCP_AI/Caffery_DF
293,Callahan_H,/Volumes/MOCP_AI/Callahan_H
294,Calle_S,/Volumes/MOCP_AI/Calle_S
295,Callis_J,/Volumes/MOCP_AI/Callis_J
296,Calvin_J,/Volumes/MOCP_AI/Calvin_J
297,Cameron_JM,/Volumes/MOCP_AI/Cameron_JM
298,"Camp Crosby,S","/Volumes/MOCP_AI/Camp Crosby,S"
299,Capa_R,/Volumes/MOCP_AI/Capa_R
300,Caproni_B,/Volumes/MOCP_AI/Caproni_B
301,Carey_A,/Volumes/MOCP_AI/Carey_A
302,Carey_E,/Volumes/MOCP_AI/Carey_E
303,Carlson_G,/Volumes/MOCP_AI/Carlson_G
304,Carr_S,/Volumes/MOCP_AI/Carr_S
305,Carrillo_M,/Volumes/MOCP_AI/Carrillo_M
306,Carroll_EW,/Volumes/MOCP_AI/Carroll_EW
307,Carroll_P,/Volumes/MOCP_AI/Carroll_P
308,"Cartagena Gonzalez_A","/Volumes/MOCP_AI/Cartagena Gonzalez_A"
309,Carter_K,/Volumes/MOCP_AI/Carter_K
310,Carter_P,/Volumes/MOCP_AI/Carter_P
311,Carter_W,/Volumes/MOCP_AI/Carter_W
312,CartierBresson_H,/Volumes/MOCP_AI/CartierBresson_H
313,Cartwright_G,/Volumes/MOCP_AI/Cartwright_G
314,Carucci_E,/Volumes/MOCP_AI/Carucci_E
315,Caruso_C,/Volumes/MOCP_AI/Caruso_C
316,Carver_C,/Volumes/MOCP_AI/Carver_C
317,Casado_J,/Volumes/MOCP_AI/Casado_J
318,Castillo_L,/Volumes/MOCP_AI/Castillo_L
319,Catanese_M,/Volumes/MOCP_AI/Catanese_M
320,Cecil_L,/Volumes/MOCP_AI/Cecil_L
321,Chadwick_T,/Volumes/MOCP_AI/Chadwick_T
322,Chakeres_J,/Volumes/MOCP_AI/Chakeres_J
323,Chalmers_C,/Volumes/MOCP_AI/Chalmers_C
324,Chalmers_S,/Volumes/MOCP_AI/Chalmers_S
325,Chancel_P,/Volumes/MOCP_AI/Chancel_P
326,Chang_Su,/Volumes/MOCP_AI/Chang_Su
327,Charlesworth_B,/Volumes/MOCP_AI/Charlesworth_B
328,Chechopoulos_P,/Volumes/MOCP_AI/Chechopoulos_P
329,Cheek_V,/Volumes/MOCP_AI/Cheek_V
330,Cheim_J,/Volumes/MOCP_AI/Cheim_J
331,Cheng_C,/Volumes/MOCP_AI/Cheng_C
332,Chiarenza_C,/Volumes/MOCP_AI/Chiarenza_C
333,"Chien-Hsing Liao_J","/Volumes/MOCP_AI/Chien-Hsing Liao_J"
334,Chirey_A,/Volumes/MOCP_AI/Chirey_A
335,Chochola_V,/Volumes/MOCP_AI/Chochola_V
336,Choi_Y,/Volumes/MOCP_AI/Choi_Y
337,"Chow_S and Lin_HY","/Volumes/MOCP_AI/Chow_S and Lin_HY"
338,"Install views","/Volumes/MOCP_AI/Christenberry_W/Install views"
339,Christenberry_W,/Volumes/MOCP_AI/Christenberry_W
340,Christy_E,/Volumes/MOCP_AI/Christy_E
341,Chubin_W,/Volumes/MOCP_AI/Chubin_W
342,Church_J_W,/Volumes/MOCP_AI/Church_J_W
343,Churchill_C,/Volumes/MOCP_AI/Churchill_C
344,Cierciroski_C,/Volumes/MOCP_AI/Cierciroski_C
345,Ciurej_B,/Volumes/MOCP_AI/Ciurej_B
346,Claffey_E,/Volumes/MOCP_AI/Claffey_E
347,Clark_L,/Volumes/MOCP_AI/Clark_L
348,Clark_P,/Volumes/MOCP_AI/Clark_P
349,ClarkeDavis_R,/Volumes/MOCP_AI/ClarkeDavis_R
350,Clay_L,/Volumes/MOCP_AI/Clay_L
351,Clergue_L,/Volumes/MOCP_AI/Clergue_L
352,Close_C,/Volumes/MOCP_AI/Close_C
353,Coburn_D,/Volumes/MOCP_AI/Coburn_D
354,Cohen_A,/Volumes/MOCP_AI/Cohen_A
355,Cohen_L,/Volumes/MOCP_AI/Cohen_L
356,low-res,/Volumes/MOCP_AI/Cohen_M/low-res
357,Cohen_M,/Volumes/MOCP_AI/Cohen_M
358,Coleman_J,/Volumes/MOCP_AI/Coleman_J
359,Collins_K,/Volumes/MOCP_AI/Collins_K
360,ColorsPB,/Volumes/MOCP_AI/ColorsPB
361,1971,/Volumes/MOCP_AI/ColumbiaPB/1971
362,ColumbiaPB,/Volumes/MOCP_AI/ColumbiaPB
363,Comen,/Volumes/MOCP_AI/Comen
364,Compton_C,/Volumes/MOCP_AI/Compton_C
365,Connell_K,/Volumes/MOCP_AI/Connell_K
366,Conniff_G,/Volumes/MOCP_AI/Conniff_G
367,Connor_L,/Volumes/MOCP_AI/Connor_L
368,Contro_A,/Volumes/MOCP_AI/Contro_A
369,Cook_C,/Volumes/MOCP_AI/Cook_C
370,Cook_J,/Volumes/MOCP_AI/Cook_J
371,Cooper_C,/Volumes/MOCP_AI/Cooper_C
372,Coplans_J,/Volumes/MOCP_AI/Coplans_J
373,Coppin_K,/Volumes/MOCP_AI/Coppin_K
374,Corpron_C,/Volumes/MOCP_AI/Corpron_C
375,Correia_M,/Volumes/MOCP_AI/Correia_M
376,Corzo-Duchardt_V,/Volumes/MOCP_AI/Corzo-Duchardt_V
377,Coster_G,/Volumes/MOCP_AI/Coster_G
378,Couzzi_R,/Volumes/MOCP_AI/Couzzi_R
379,Cowin_E,/Volumes/MOCP_AI/Cowin_E
380,Craig_J,/Volumes/MOCP_AI/Craig_J
381,Crane_B,/Volumes/MOCP_AI/Crane_B
382,Crast_L,/Volumes/MOCP_AI/Crast_L
383,Crawford_G,/Volumes/MOCP_AI/Crawford_G
384,Criqui_S,/Volumes/MOCP_AI/Criqui_S
385,Crisman_J,/Volumes/MOCP_AI/Crisman_J
386,Crocker_S,/Volumes/MOCP_AI/Crocker_S
387,Cumming_R,/Volumes/MOCP_AI/Cumming_R
388,Cunningham_I,/Volumes/MOCP_AI/Cunningham_I
389,Cunningham_K,/Volumes/MOCP_AI/Cunningham_K
390,Curran_D,/Volumes/MOCP_AI/Curran_D
391,Currie_D,/Volumes/MOCP_AI/Currie_D
392,Curtis_E,/Volumes/MOCP_AI/Curtis_E
393,Curtis_M,/Volumes/MOCP_AI/Curtis_M
394,D-Amato_P,/Volumes/MOCP_AI/D-Amato_P
395,D-Orio_T,/Volumes/MOCP_AI/D-Orio_T
396,D_S,/Volumes/MOCP_AI/D_S
397,Dahl_A,/Volumes/MOCP_AI/Dahl_A
398,Dahl_Wolfe_L,/Volumes/MOCP_AI/Dahl_Wolfe_L
399,Dahlquist_P,/Volumes/MOCP_AI/Dahlquist_P
400,Dane_B,/Volumes/MOCP_AI/Dane_B
401,Danh_B,/Volumes/MOCP_AI/Danh_B
402,Daniel_AR,/Volumes/MOCP_AI/Daniel_AR
403,Danziger_A,/Volumes/MOCP_AI/Danziger_A
404,Dapogny_D,/Volumes/MOCP_AI/Dapogny_D
405,Darikovich_E,/Volumes/MOCP_AI/Darikovich_E
406,Dashti_G,/Volumes/MOCP_AI/Dashti_G
407,Dater_J,/Volumes/MOCP_AI/Dater_J
408,Davenpot_A,/Volumes/MOCP_AI/Davenpot_A
409,Davey_M,/Volumes/MOCP_AI/Davey_M
410,Davidson_B,/Volumes/MOCP_AI/Davidson_B
411,Davis_J,/Volumes/MOCP_AI/Davis_J
412,Davis_T,/Volumes/MOCP_AI/Davis_T
413,DeCarava_R,/Volumes/MOCP_AI/DeCarava_R
414,DeGenevieve_B,/Volumes/MOCP_AI/DeGenevieve_B
415,DeMarchelier_P,/Volumes/MOCP_AI/DeMarchelier_P
416,DeMeyer_B,/Volumes/MOCP_AI/DeMeyer_B
417,Deal_Joe,/Volumes/MOCP_AI/Deal_Joe
418,Dean_M,/Volumes/MOCP_AI/Dean_M
419,Deeman_E,/Volumes/MOCP_AI/Deeman_E
420,Deer_K,/Volumes/MOCP_AI/Deer_K
421,Degrane_L,/Volumes/MOCP_AI/Degrane_L
422,Delano_J,/Volumes/MOCP_AI/Delano_J
423,Delondi_G,/Volumes/MOCP_AI/Delondi_G
424,Demachy_R,/Volumes/MOCP_AI/Demachy_R
425,Denatale_J,/Volumes/MOCP_AI/Denatale_J
426,Derges_S,/Volumes/MOCP_AI/Derges_S
427,Deriglazov_O,/Volumes/MOCP_AI/Deriglazov_O
428,Derwgut_E,/Volumes/MOCP_AI/Derwgut_E
429,Deschamps_F,/Volumes/MOCP_AI/Deschamps_F
430,Deutsch_T,/Volumes/MOCP_AI/Deutsch_T
431,Deveney_K,/Volumes/MOCP_AI/Deveney_K
432,Devine_J,/Volumes/MOCP_AI/Devine_J
433,"Di Nanno_D","/Volumes/MOCP_AI/Di Nanno_D"
434,Diata_R,/Volumes/MOCP_AI/Diata_R
435,Dickey_M,/Volumes/MOCP_AI/Dickey_M
436,Diener_B,/Volumes/MOCP_AI/Diener_B
437,Dietrich_S,/Volumes/MOCP_AI/Dietrich_S
438,"Digital Exhibitions","/Volumes/MOCP_AI/Digital Exhibitions"
439,Dijkstra_R,/Volumes/MOCP_AI/Dijkstra_R
440,Dikeman_D,/Volumes/MOCP_AI/Dikeman_D
441,Dine_J,/Volumes/MOCP_AI/Dine_J
442,Disfarmer_M,/Volumes/MOCP_AI/Disfarmer_M
443,Divola_J,/Volumes/MOCP_AI/Divola_J
444,Djurich_M,/Volumes/MOCP_AI/Djurich_M
445,Doherty_W,/Volumes/MOCP_AI/Doherty_W
446,Doisneau_R,/Volumes/MOCP_AI/Doisneau_R
447,Dominick_H,/Volumes/MOCP_AI/Dominick_H
448,Dominis_J,/Volumes/MOCP_AI/Dominis_J
449,Doniger_S,/Volumes/MOCP_AI/Doniger_S
450,Donohue_B,/Volumes/MOCP_AI/Donohue_B
451,Douglas_S,/Volumes/MOCP_AI/Douglas_S
452,Dovydenas_J,/Volumes/MOCP_AI/Dovydenas_J
453,Drell_P,/Volumes/MOCP_AI/Drell_P
454,Drtikol_F,/Volumes/MOCP_AI/Drtikol_F
455,Dubroff_D,/Volumes/MOCP_AI/Dubroff_D
456,Duffy_F,/Volumes/MOCP_AI/Duffy_F
457,Dui_A,/Volumes/MOCP_AI/Dui_A
458,Dunning_J,/Volumes/MOCP_AI/Dunning_J
459,Dureau_G,/Volumes/MOCP_AI/Dureau_G
460,Eastman_G,/Volumes/MOCP_AI/Eastman_G
461,Eaves_B,/Volumes/MOCP_AI/Eaves_B
462,Edgerton_H,/Volumes/MOCP_AI/Edgerton_H
463,Edinger_J,/Volumes/MOCP_AI/Edinger_J
464,Eggleston_W,/Volumes/MOCP_AI/Eggleston_W
465,Ehm_J,/Volumes/MOCP_AI/Ehm_J
466,Eichmeier_D,/Volumes/MOCP_AI/Eichmeier_D
467,Eiler_H,/Volumes/MOCP_AI/Eiler_H
468,Eisenberg_C,/Volumes/MOCP_AI/Eisenberg_C
469,Eisenstaedt_A,/Volumes/MOCP_AI/Eisenstaedt_A
470,Ekberg_A,/Volumes/MOCP_AI/Ekberg_A
471,Elledge_P,/Volumes/MOCP_AI/Elledge_P
472,Elton_John_Portfolio,/Volumes/MOCP_AI/Elton_John_Portfolio
473,Endsley_F,/Volumes/MOCP_AI/Endsley_F
474,Engelhard_J,/Volumes/MOCP_AI/Engelhard_J
475,England_O,/Volumes/MOCP_AI/England_O
476,Englander_J,/Volumes/MOCP_AI/Englander_J
477,Engle_C,/Volumes/MOCP_AI/Engle_C
478,English_C,/Volumes/MOCP_AI/English_C
479,Ensdorf_M,/Volumes/MOCP_AI/Ensdorf_M
480,Epstein_M,/Volumes/MOCP_AI/Epstein_M
481,Erwitt_E,/Volumes/MOCP_AI/Erwitt_E
482,Essaydi_L,/Volumes/MOCP_AI/Essaydi_L
483,Estabrook_R,/Volumes/MOCP_AI/Estabrook_R
484,Evans_P,/Volumes/MOCP_AI/Evans_P
485,Evans_T,/Volumes/MOCP_AI/Evans_T
486,Evans_W,/Volumes/MOCP_AI/Evans_W
487,Evron_A,/Volumes/MOCP_AI/Evron_A
488,FSA,/Volumes/MOCP_AI/FSA
489,Fajarado_L,/Volumes/MOCP_AI/Fajarado_L
490,"2009_43 details","/Volumes/MOCP_AI/Fandell_K/2009_43 details"
491,Fandell_K,/Volumes/MOCP_AI/Fandell_K
492,Fantasia_C,/Volumes/MOCP_AI/Fantasia_C
493,FarEastFarWest,/Volumes/MOCP_AI/FarEastFarWest
494,Farmilant_M,/Volumes/MOCP_AI/Farmilant_M
495,Farris_D,/Volumes/MOCP_AI/Farris_D
496,Fatemi_H,/Volumes/MOCP_AI/Fatemi_H
497,Faurer_L,/Volumes/MOCP_AI/Faurer_L
498,Faust_S,/Volumes/MOCP_AI/Faust_S
499,Feierman_R,/Volumes/MOCP_AI/Feierman_R
500,Feldman_A,/Volumes/MOCP_AI/Feldman_A
501,Feldman_S,/Volumes/MOCP_AI/Feldman_S
502,Ferris_T,/Volumes/MOCP_AI/Ferris_T
503,Ferro_D,/Volumes/MOCP_AI/Ferro_D
504,Fiala_J,/Volumes/MOCP_AI/Fiala_J
505,Ficek-Swenson_B,/Volumes/MOCP_AI/Ficek-Swenson_B
506,Fichler_R,/Volumes/MOCP_AI/Fichler_R
507,Fielding_J,/Volumes/MOCP_AI/Fielding_J
508,Filanov_V,/Volumes/MOCP_AI/Filanov_V
509,Fink_L,/Volumes/MOCP_AI/Fink_L
510,Finkelstein_S,/Volumes/MOCP_AI/Finkelstein_S
511,Fischl_E,/Volumes/MOCP_AI/Fischl_E
512,Fischli_Weiss,/Volumes/MOCP_AI/Fischli_Weiss
513,Fisher_C,/Volumes/MOCP_AI/Fisher_C
514,Fiskin_J,/Volumes/MOCP_AI/Fiskin_J
515,Fitch_S,/Volumes/MOCP_AI/Fitch_S
516,Fitzpatrick_P,/Volumes/MOCP_AI/Fitzpatrick_P
517,Flavin_C,/Volumes/MOCP_AI/Flavin_C
518,Fleischauer_E,/Volumes/MOCP_AI/Fleischauer_E
519,Flick_R,/Volumes/MOCP_AI/Flick_R
520,Floyd_N,/Volumes/MOCP_AI/Floyd_N
521,Flynne_D,/Volumes/MOCP_AI/Flynne_D
522,Foglia_L,/Volumes/MOCP_AI/Foglia_L
523,Fontana_F,/Volumes/MOCP_AI/Fontana_F
524,Fontcuberta_J,/Volumes/MOCP_AI/Fontcuberta_J
525,Foote_S,/Volumes/MOCP_AI/Foote_S
526,Ford_D,/Volumes/MOCP_AI/Ford_D
527,Forrester_W,/Volumes/MOCP_AI/Forrester_W
528,Forssen_M,/Volumes/MOCP_AI/Forssen_M
529,Fortino_S,/Volumes/MOCP_AI/Fortino_S
530,Foster_L,/Volumes/MOCP_AI/Foster_L
531,Foster_S,/Volumes/MOCP_AI/Foster_S
532,Fox_A,/Volumes/MOCP_AI/Fox_A
533,Fradkin_A,/Volumes/MOCP_AI/Fradkin_A
534,Framer_P,/Volumes/MOCP_AI/Framer_P
535,Franczyk_B,/Volumes/MOCP_AI/Franczyk_B
536,Franhe_A,/Volumes/MOCP_AI/Franhe_A
537,Frank_C_H,/Volumes/MOCP_AI/Frank_C_H
538,Frank_D,/Volumes/MOCP_AI/Frank_D
539,Frank_J,/Volumes/MOCP_AI/Frank_J
540,Frank_R,/Volumes/MOCP_AI/Frank_R
541,Frasnay_D,/Volumes/MOCP_AI/Frasnay_D
542,Frazier_LR,/Volumes/MOCP_AI/Frazier_LR
543,Frederking_W,/Volumes/MOCP_AI/Frederking_W
544,Freeauf_J,/Volumes/MOCP_AI/Freeauf_J
545,Freeman_R,/Volumes/MOCP_AI/Freeman_R
546,Frehea_J,/Volumes/MOCP_AI/Frehea_J
547,Tifs,/Volumes/MOCP_AI/Friedlander_L/Tifs
548,Friedlander_L,/Volumes/MOCP_AI/Friedlander_L
549,Friges_A,/Volumes/MOCP_AI/Friges_A
550,Fritz_D,/Volumes/MOCP_AI/Fritz_D
551,Frost_G,/Volumes/MOCP_AI/Frost_G
552,Funke_J,/Volumes/MOCP_AI/Funke_J
553,Futran_E,/Volumes/MOCP_AI/Futran_E
554,Garcia_Rodero_C,/Volumes/MOCP_AI/Garcia_Rodero_C
555,Gardner_G,/Volumes/MOCP_AI/Gardner_G
556,Garduno_F,/Volumes/MOCP_AI/Garduno_F
557,Garner_G,/Volumes/MOCP_AI/Garner_G
558,Gass_C,/Volumes/MOCP_AI/Gass_C
559,Gates_J,/Volumes/MOCP_AI/Gates_J
560,Gearon_T,/Volumes/MOCP_AI/Gearon_T
561,Geesaman_L,/Volumes/MOCP_AI/Geesaman_L
562,"Geissler_B and Sann_O","/Volumes/MOCP_AI/Geissler_B and Sann_O"
563,Gentieu_P,/Volumes/MOCP_AI/Gentieu_P
564,Geoghegan_J,/Volumes/MOCP_AI/Geoghegan_J
565,Georgiou_G,/Volumes/MOCP_AI/Georgiou_G
566,Gerken_M,/Volumes/MOCP_AI/Gerken_M
567,"Germann_M and Lorenzi_D","/Volumes/MOCP_AI/Germann_M and Lorenzi_D"
568,Gessinger_M,/Volumes/MOCP_AI/Gessinger_M
569,Gest_B,/Volumes/MOCP_AI/Gest_B
570,Giacomelli_M,/Volumes/MOCP_AI/Giacomelli_M
571,Gibbons_S,/Volumes/MOCP_AI/Gibbons_S
572,Gibson_R,/Volumes/MOCP_AI/Gibson_R
573,Gibson_S,/Volumes/MOCP_AI/Gibson_S
574,Gilbert_A,/Volumes/MOCP_AI/Gilbert_A
575,Gilbert_D,/Volumes/MOCP_AI/Gilbert_D
576,Gilbertson_A,/Volumes/MOCP_AI/Gilbertson_A
577,Gilbreath_F,/Volumes/MOCP_AI/Gilbreath_F
578,Gillespie_A,/Volumes/MOCP_AI/Gillespie_A
579,Gillespie_P,/Volumes/MOCP_AI/Gillespie_P
580,Ginsberg_P,/Volumes/MOCP_AI/Ginsberg_P
581,Gitelson_J,/Volumes/MOCP_AI/Gitelson_J
582,Gitman_S,/Volumes/MOCP_AI/Gitman_S
583,Gittleman_L,/Volumes/MOCP_AI/Gittleman_L
584,Glasburg_K,/Volumes/MOCP_AI/Glasburg_K
585,Glaser_K,/Volumes/MOCP_AI/Glaser_K
586,Gleber_C,/Volumes/MOCP_AI/Gleber_C
587,Godfrey_M,/Volumes/MOCP_AI/Godfrey_M
588,Gohlke_F,/Volumes/MOCP_AI/Gohlke_F
589,Goicolea_A,/Volumes/MOCP_AI/Goicolea_A
590,"Geert Goiris Reproduction Files","/Volumes/MOCP_AI/Goiris_G/Geert Goiris Reproduction Files"
591,Goiris_G,/Volumes/MOCP_AI/Goiris_G
592,Golden,/Volumes/MOCP_AI/Golden
593,Golden_B,/Volumes/MOCP_AI/Golden_B
594,Golden_J,/Volumes/MOCP_AI/Golden_J
595,Goldes_D,/Volumes/MOCP_AI/Goldes_D
596,Goldin_N,/Volumes/MOCP_AI/Goldin_N
597,Goldsmith_L,/Volumes/MOCP_AI/Goldsmith_L
598,Golfer_A,/Volumes/MOCP_AI/Golfer_A
599,Gomes_L,/Volumes/MOCP_AI/Gomes_L
600,Gonzalez_D,/Volumes/MOCP_AI/Gonzalez_D
601,Goodal_T,/Volumes/MOCP_AI/Goodal_T
602,Goodman_T,/Volumes/MOCP_AI/Goodman_T
603,Gordin_M,/Volumes/MOCP_AI/Gordin_M
604,Gordon_D,/Volumes/MOCP_AI/Gordon_D
605,Gordon_J,/Volumes/MOCP_AI/Gordon_J
606,Gordon_Ri,/Volumes/MOCP_AI/Gordon_Ri
607,Gordon_Ron,/Volumes/MOCP_AI/Gordon_Ron
608,Gorman_G,/Volumes/MOCP_AI/Gorman_G
609,Gornik_A,/Volumes/MOCP_AI/Gornik_A
610,Goss_M,/Volumes/MOCP_AI/Goss_M
611,Gossage_J,/Volumes/MOCP_AI/Gossage_J
612,Gothard_V,/Volumes/MOCP_AI/Gothard_V
613,Gowin_E,/Volumes/MOCP_AI/Gowin_E
614,Grabner_M,/Volumes/MOCP_AI/Grabner_M
615,Grady_J,/Volumes/MOCP_AI/Grady_J
616,Graham_D,/Volumes/MOCP_AI/Graham_D
617,Graham_R,/Volumes/MOCP_AI/Graham_R
618,Grannan_K,/Volumes/MOCP_AI/Grannan_K
619,Greenburg_J,/Volumes/MOCP_AI/Greenburg_J
620,Greene_D,/Volumes/MOCP_AI/Greene_D
621,Greene_H,/Volumes/MOCP_AI/Greene_H
622,Greene_M,/Volumes/MOCP_AI/Greene_M
623,Greenfield_L,/Volumes/MOCP_AI/Greenfield_L
624,Gregoire_P,/Volumes/MOCP_AI/Gregoire_P
625,"Greig_C and Smith_R","/Volumes/MOCP_AI/Greig_C and Smith_R"
626,Greiner_W,/Volumes/MOCP_AI/Greiner_W
627,Gremp_J,/Volumes/MOCP_AI/Gremp_J
628,Grigley_J,/Volumes/MOCP_AI/Grigley_J
629,Grimes_J,/Volumes/MOCP_AI/Grimes_J
630,Groeninger_S,/Volumes/MOCP_AI/Groeninger_S
631,Groover_J,/Volumes/MOCP_AI/Groover_J
632,Gross_S,/Volumes/MOCP_AI/Gross_S
633,Grove_G,/Volumes/MOCP_AI/Grove_G
634,Grubman_S,/Volumes/MOCP_AI/Grubman_S
635,Grygar_S,/Volumes/MOCP_AI/Grygar_S
636,GubermanBloom_R,/Volumes/MOCP_AI/GubermanBloom_R
637,Guorui_S,/Volumes/MOCP_AI/Guorui_S
638,Gutschow_B,/Volumes/MOCP_AI/Gutschow_B
639,Gyssler_G,/Volumes/MOCP_AI/Gyssler_G
640,Haas_E,/Volumes/MOCP_AI/Haas_E
641,Haber_S,/Volumes/MOCP_AI/Haber_S
642,Hagler_S,/Volumes/MOCP_AI/Hagler_S
643,Hahn_B,/Volumes/MOCP_AI/Hahn_B
644,Hak_Miroslav,/Volumes/MOCP_AI/Hak_Miroslav
645,Hale_S,/Volumes/MOCP_AI/Hale_S
646,Hales_P,/Volumes/MOCP_AI/Hales_P
647,Hallak_S,/Volumes/MOCP_AI/Hallak_S
648,Halsman_P,/Volumes/MOCP_AI/Halsman_P
649,Hamese_H,/Volumes/MOCP_AI/Hamese_H
650,Hamilton_A,/Volumes/MOCP_AI/Hamilton_A
651,Hammerbeck_W,/Volumes/MOCP_AI/Hammerbeck_W
652,Hanke_J,/Volumes/MOCP_AI/Hanke_J
653,Hanolin_M,/Volumes/MOCP_AI/Hanolin_M
654,Harbutt_C,/Volumes/MOCP_AI/Harbutt_C
655,Hargrave_A,/Volumes/MOCP_AI/Hargrave_A
656,Harney_T,/Volumes/MOCP_AI/Harney_T
657,Harris_T,/Volumes/MOCP_AI/Harris_T
658,Harrison_A,/Volumes/MOCP_AI/Harrison_A
659,Harrison_J,/Volumes/MOCP_AI/Harrison_J
660,Hartt_D,/Volumes/MOCP_AI/Hartt_D
661,Hassel_P,/Volumes/MOCP_AI/Hassel_P
662,Hatton_S_L,/Volumes/MOCP_AI/Hatton_S_L
663,Haughey_A,/Volumes/MOCP_AI/Haughey_A
664,Haun_D,/Volumes/MOCP_AI/Haun_D
665,Hauser_M,/Volumes/MOCP_AI/Hauser_M
666,Hay_Y,/Volumes/MOCP_AI/Hay_Y
667,details,/Volumes/MOCP_AI/Hayes_R/details
668,Hayes_R,/Volumes/MOCP_AI/Hayes_R
669,Hayeur_I,/Volumes/MOCP_AI/Hayeur_I
670,Hearsum_T,/Volumes/MOCP_AI/Hearsum_T
671,Hefferman_C,/Volumes/MOCP_AI/Hefferman_C
672,Heikes_J,/Volumes/MOCP_AI/Heikes_J
673,Heilbrom_K,/Volumes/MOCP_AI/Heilbrom_K
674,Heinecken_R,/Volumes/MOCP_AI/Heinecken_R
675,Heinz_T,/Volumes/MOCP_AI/Heinz_T
676,Henkel_J,/Volumes/MOCP_AI/Henkel_J
677,Henle_F,/Volumes/MOCP_AI/Henle_F
678,Henry_J,/Volumes/MOCP_AI/Henry_J
679,Henryson_M,/Volumes/MOCP_AI/Henryson_M
680,Heron_R,/Volumes/MOCP_AI/Heron_R
681,Herrera_A,/Volumes/MOCP_AI/Herrera_A
682,Herrmann_M,/Volumes/MOCP_AI/Herrmann_M
683,Herron_D,/Volumes/MOCP_AI/Herron_D
684,Hewitt_L,/Volumes/MOCP_AI/Hewitt_L
685,Heyl_K,/Volumes/MOCP_AI/Heyl_K
686,Heyman_K,/Volumes/MOCP_AI/Heyman_K
687,Hickman_C,/Volumes/MOCP_AI/Hickman_C
688,Hido_T,/Volumes/MOCP_AI/Hido_T
689,Higgins_G,/Volumes/MOCP_AI/Higgins_G
690,Hine_L,/Volumes/MOCP_AI/Hilbert_J/Hine_L
691,Hilbert_J,/Volumes/MOCP_AI/Hilbert_J
692,"Hill_D and Adamson_R","/Volumes/MOCP_AI/Hill_D and Adamson_R"
693,Hine_L,/Volumes/MOCP_AI/Hine_L
694,Hirst_D,/Volumes/MOCP_AI/Hirst_D
695,Hiser_C,/Volumes/MOCP_AI/Hiser_C
696,Hoban_S,/Volumes/MOCP_AI/Hoban_S
697,Hobbs_P,/Volumes/MOCP_AI/Hobbs_P
698,Hobbs_S,/Volumes/MOCP_AI/Hobbs_S
699,Hocker_T,/Volumes/MOCP_AI/Hocker_T
700,Hodgson_J,/Volumes/MOCP_AI/Hodgson_J
701,Hofer_C,/Volumes/MOCP_AI/Hofer_C
702,Hoffman_G,/Volumes/MOCP_AI/Hoffman_G
703,Hoffmann_B,/Volumes/MOCP_AI/Hoffmann_B
704,Holdaway_M,/Volumes/MOCP_AI/Holdaway_M
705,Hollenhorst_S,/Volumes/MOCP_AI/Hollenhorst_S
706,Holton_T,/Volumes/MOCP_AI/Holton_T
707,Horan_K,/Volumes/MOCP_AI/Horan_K
708,Horn_H,/Volumes/MOCP_AI/Horn_H
709,Horton_K,/Volumes/MOCP_AI/Horton_K
710,Horwich_J,/Volumes/MOCP_AI/Horwich_J
711,Howe_G,/Volumes/MOCP_AI/Howe_G
712,Hudnall_E,/Volumes/MOCP_AI/Hudnall_E
713,Hughes_A,/Volumes/MOCP_AI/Hughes_A
714,Hunt_D,/Volumes/MOCP_AI/Hunt_D
715,Hurrell_G,/Volumes/MOCP_AI/Hurrell_G
716,Hutto_JP,/Volumes/MOCP_AI/Hutto_JP
717,Hyde_S,/Volumes/MOCP_AI/Hyde_S
718,"Hyers + Mebane","/Volumes/MOCP_AI/Hyers + Mebane"
719,Hynes,/Volumes/MOCP_AI/Hynes
720,Ibanez_A,/Volumes/MOCP_AI/Ibanez_A
721,"In Chicago","/Volumes/MOCP_AI/In Chicago"
722,Ineas_N,/Volumes/MOCP_AI/Ineas_N
723,Irazu_P,/Volumes/MOCP_AI/Irazu_P
724,Ireland_D,/Volumes/MOCP_AI/Ireland_D
725,Ireland_J,/Volumes/MOCP_AI/Ireland_J
726,Ischar_D,/Volumes/MOCP_AI/Ischar_D
727,Ishimoto_Y,/Volumes/MOCP_AI/Ishimoto_Y
728,Iska_J,/Volumes/MOCP_AI/Iska_J
729,"installation text and instructions","/Volumes/MOCP_AI/Issa_I/installation text and instructions"
730,Issa_I,/Volumes/MOCP_AI/Issa_I
731,Ito_K,/Volumes/MOCP_AI/Ito_K
732,Iturbide_G,/Volumes/MOCP_AI/Iturbide_G
733,"Installation and Image","/Volumes/MOCP_AI/Jaar_A/Installation and Image"
734,Jaar_A,/Volumes/MOCP_AI/Jaar_A
735,Jachna_J,/Volumes/MOCP_AI/Jachna_J
736,Jackson_W_H,/Volumes/MOCP_AI/Jackson_W_H
737,Jacobi_L,/Volumes/MOCP_AI/Jacobi_L
738,Jacobson_B,/Volumes/MOCP_AI/Jacobson_B
739,Jaffe_J,/Volumes/MOCP_AI/Jaffe_J
740,James_C,/Volumes/MOCP_AI/James_C
741,James_L,/Volumes/MOCP_AI/James_L
742,James_R,/Volumes/MOCP_AI/James_R
743,Janiak_L,/Volumes/MOCP_AI/Janiak_L
744,Jasansky_and_Polak,/Volumes/MOCP_AI/Jasansky_and_Polak
745,Jay_B,/Volumes/MOCP_AI/Jay_B
746,Jenshel_L,/Volumes/MOCP_AI/Jenshel_L
747,Jiang_J,/Volumes/MOCP_AI/Jiang_J
748,Johnson_E,/Volumes/MOCP_AI/Johnson_E
749,Johnson_Michael,/Volumes/MOCP_AI/Johnson_Michael
750,Johnson_W,/Volumes/MOCP_AI/Johnson_W
751,Johnston_D,/Volumes/MOCP_AI/Johnston_D
752,Jones_P,/Volumes/MOCP_AI/Jones_P
753,Jones_S,/Volumes/MOCP_AI/Jones_S
754,Jordan_C,/Volumes/MOCP_AI/Jordan_C
755,Jordano_D,/Volumes/MOCP_AI/Jordano_D
756,Josephson_K,/Volumes/MOCP_AI/Josephson_K
757,Joye_F,/Volumes/MOCP_AI/Joye_F
758,Jude_R,/Volumes/MOCP_AI/Jude_R
759,Jung_T,/Volumes/MOCP_AI/Jung_T
760,Jung_Y,/Volumes/MOCP_AI/Jung_Y
761,Jurcys_E,/Volumes/MOCP_AI/Jurcys_E
762,K_Hiwa,/Volumes/MOCP_AI/K_Hiwa
763,Kaasik_T,/Volumes/MOCP_AI/Kaasik_T
764,Kadarik_J,/Volumes/MOCP_AI/Kadarik_J
765,Kahn_Selesnick,/Volumes/MOCP_AI/Kahn_Selesnick
766,Kalve_T,/Volumes/MOCP_AI/Kalve_T
767,Kam_P,/Volumes/MOCP_AI/Kam_P
768,Kander_N,/Volumes/MOCP_AI/Kander_N
769,Kaplan_H,/Volumes/MOCP_AI/Kaplan_H
770,Karant_B,/Volumes/MOCP_AI/Karant_B
771,Kasahara_M,/Volumes/MOCP_AI/Kasahara_M
772,Kasten_B,/Volumes/MOCP_AI/Kasten_B
773,Kazemi_B,/Volumes/MOCP_AI/Kazemi_B
774,Keasler_M,/Volumes/MOCP_AI/Keasler_M
775,Keeling_R,/Volumes/MOCP_AI/Keeling_R
776,Kelly,/Volumes/MOCP_AI/Kelly_A/Kelly
777,Kelly_A,/Volumes/MOCP_AI/Kelly_A
778,Kemecy_M,/Volumes/MOCP_AI/Kemecy_M
779,Kempe_D,/Volumes/MOCP_AI/Kempe_D
780,Kempenaers_J,/Volumes/MOCP_AI/Kempenaers_J
781,"Ken Schles","/Volumes/MOCP_AI/Ken Schles"
782,Kende_B,/Volumes/MOCP_AI/Kende_B
783,Kendellen_A,/Volumes/MOCP_AI/Kendellen_A
784,Kenna_M,/Volumes/MOCP_AI/Kenna_M
785,Kennedy_B,/Volumes/MOCP_AI/Kennedy_B
786,Kenyon_B,/Volumes/MOCP_AI/Kenyon_B
787,Kepes_G,/Volumes/MOCP_AI/Kepes_G
788,Kertesz_A,/Volumes/MOCP_AI/Kertesz_A
789,Kessmann_D,/Volumes/MOCP_AI/Kessmann_D
790,Ketcham_S,/Volumes/MOCP_AI/Ketcham_S
791,Kezys_A,/Volumes/MOCP_AI/Kezys_A
792,Kim_C,/Volumes/MOCP_AI/Kim_C
793,Kimball_J,/Volumes/MOCP_AI/Kimball_J
794,Kimmich_J,/Volumes/MOCP_AI/Kimmich_J
795,Kinast_S,/Volumes/MOCP_AI/Kinast_S
796,King_J,/Volumes/MOCP_AI/King_J
797,King_K,/Volumes/MOCP_AI/King_K
798,Kingston_R,/Volumes/MOCP_AI/Kingston_R
799,Kirchner_S,/Volumes/MOCP_AI/Kirchner_S
800,Kite_L,/Volumes/MOCP_AI/Kite_L
801,Klein_W,/Volumes/MOCP_AI/Klein_W
802,lo-res,/Volumes/MOCP_AI/Klement_V/lo-res
803,Klement_V,/Volumes/MOCP_AI/Klement_V
804,Klett_M,/Volumes/MOCP_AI/Klett_M
805,Kline_N,/Volumes/MOCP_AI/Kline_N
806,Klinger_F,/Volumes/MOCP_AI/Klinger_F
807,Klipper_S,/Volumes/MOCP_AI/Klipper_S
808,Klopner_A,/Volumes/MOCP_AI/Klopner_A
809,"Klug, L","/Volumes/MOCP_AI/Klug, L"
810,Klute_J,/Volumes/MOCP_AI/Klute_J
811,Knight_CT,/Volumes/MOCP_AI/Knight_CT
812,Knotter_P,/Volumes/MOCP_AI/Knotter_P
813,Knudtson_T,/Volumes/MOCP_AI/Knudtson_T
814,Koga_M,/Volumes/MOCP_AI/Koga_M
815,Kolar_V,/Volumes/MOCP_AI/Kolar_V
816,Koler_R,/Volumes/MOCP_AI/Koler_R
817,Korth_F,/Volumes/MOCP_AI/Korth_F
818,Kostiner_L,/Volumes/MOCP_AI/Kostiner_L
819,Kotalik_B,/Volumes/MOCP_AI/Kotalik_B
820,Koudelka_J,/Volumes/MOCP_AI/Koudelka_J
821,Details,/Volumes/MOCP_AI/Kowal_C/Details
822,Kowal_C,/Volumes/MOCP_AI/Kowal_C
823,Kowalski_K,/Volumes/MOCP_AI/Kowalski_K
824,Koyama_G,/Volumes/MOCP_AI/Koyama_G
825,Krastof_M,/Volumes/MOCP_AI/Krastof_M
826,Krastoff_M,/Volumes/MOCP_AI/Krastoff_M
827,Kremer_S,/Volumes/MOCP_AI/Kremer_S
828,Krick_N,/Volumes/MOCP_AI/Krick_N
829,Krieg_C,/Volumes/MOCP_AI/Krieg_C
830,Krilov_S,/Volumes/MOCP_AI/Krilov_S
831,Krims_L,/Volumes/MOCP_AI/Krims_L
832,Kriz_V,/Volumes/MOCP_AI/Kriz_V
833,Krot_P,/Volumes/MOCP_AI/Krot_P
834,"2006_13 installation views","/Volumes/MOCP_AI/Krueger_R/2006_13 installation views"
835,"Component photographs","/Volumes/MOCP_AI/Krueger_R/Component photographs"
836,Krueger_R,/Volumes/MOCP_AI/Krueger_R
837,Kruger_B,/Volumes/MOCP_AI/Kruger_B
838,Krypel_D,/Volumes/MOCP_AI/Krypel_D
839,Kurland_J,/Volumes/MOCP_AI/Kurland_J
840,Kurtz_C,/Volumes/MOCP_AI/Kurtz_C
841,Kuznetsova_L,/Volumes/MOCP_AI/Kuznetsova_L
842,LaCombe_B,/Volumes/MOCP_AI/LaCombe_B
843,Laita_M,/Volumes/MOCP_AI/Laita_M
844,Landreth_M,/Volumes/MOCP_AI/Landreth_M
845,Landvreugd_C,/Volumes/MOCP_AI/Landvreugd_C
846,Landweber_V,/Volumes/MOCP_AI/Landweber_V
847,Lange,/Volumes/MOCP_AI/Lange
848,Lapin_A,/Volumes/MOCP_AI/Lapin_A
849,Larson_N,/Volumes/MOCP_AI/Larson_N
850,Larson_R,/Volumes/MOCP_AI/Larson_R
851,Larson_W,/Volumes/MOCP_AI/Larson_W
852,Lartigue_J,/Volumes/MOCP_AI/Lartigue_J
853,Laughlin_CJ,/Volumes/MOCP_AI/Laughlin_CJ
854,Laurits_P,/Volumes/MOCP_AI/Laurits_P
855,Lauschmann_J,/Volumes/MOCP_AI/Lauschmann_J
856,Lawson_D,/Volumes/MOCP_AI/Lawson_D
857,Lawson_R,/Volumes/MOCP_AI/Lawson_R
858,Lazar_A,/Volumes/MOCP_AI/Lazar_A
859,Lazarus_J,/Volumes/MOCP_AI/Lazarus_J
860,Lazorik_W,/Volumes/MOCP_AI/Lazorik_W
861,"Le Begue_R","/Volumes/MOCP_AI/Le Begue_R"
862,LeFor_J,/Volumes/MOCP_AI/LeFor_J
863,LeGrand_P,/Volumes/MOCP_AI/LeGrand_P
864,LeVay_G,/Volumes/MOCP_AI/LeVay_G
865,Le_A,/Volumes/MOCP_AI/Le_A
866,Leddick_D,/Volumes/MOCP_AI/Leddick_D
867,low-res,/Volumes/MOCP_AI/Lee_J/low-res
868,Lee_J,/Volumes/MOCP_AI/Lee_J
869,Lee_N,/Volumes/MOCP_AI/Lee_N
870,Lee_R,/Volumes/MOCP_AI/Lee_R
871,Lee_T,/Volumes/MOCP_AI/Lee_T
872,"Lehman, D","/Volumes/MOCP_AI/Lehman, D"
873,Lehovec_J,/Volumes/MOCP_AI/Lehovec_J
874,Leibovitz_A,/Volumes/MOCP_AI/Leibovitz_A
875,Leideitchikov,/Volumes/MOCP_AI/Leideitchikov
876,Leiter_S,/Volumes/MOCP_AI/Leiter_S
877,Lekovsis_P,/Volumes/MOCP_AI/Lekovsis_P
878,Leonard_Z,/Volumes/MOCP_AI/Leonard_Z
879,Leong_ST,/Volumes/MOCP_AI/Leong_ST
880,Lepore_A,/Volumes/MOCP_AI/Lepore_A
881,Lerner_N,/Volumes/MOCP_AI/Lerner_N
882,Lesteberg_B,/Volumes/MOCP_AI/Lesteberg_B
883,Letinsky_L,/Volumes/MOCP_AI/Letinsky_L
884,Levine_M,/Volumes/MOCP_AI/Levine_M
885,Levinson_J,/Volumes/MOCP_AI/Levinson_J
886,Levinson_S,/Volumes/MOCP_AI/Levinson_S
887,low-res,/Volumes/MOCP_AI/Levinstein_L/low-res
888,Levinstein_L,/Volumes/MOCP_AI/Levinstein_L
889,Levinthal_D,/Volumes/MOCP_AI/Levinthal_D
890,Levitt_H,/Volumes/MOCP_AI/Levitt_H
891,Levy_S,/Volumes/MOCP_AI/Levy_S
892,Lewandowski_L,/Volumes/MOCP_AI/Lewandowski_L
893,Lewczynski_J,/Volumes/MOCP_AI/Lewczynski_J
894,Lieberman_A,/Volumes/MOCP_AI/Lieberman_A
895,Lin_I,/Volumes/MOCP_AI/Lin_I
896,Linder_L,/Volumes/MOCP_AI/Linder_L
897,Lindley_D,/Volumes/MOCP_AI/Lindley_D
898,Lindvay_L,/Volumes/MOCP_AI/Lindvay_L
899,Linehan_J,/Volumes/MOCP_AI/Linehan_J
900,Linehan_P,/Volumes/MOCP_AI/Linehan_P
901,Link_OW,/Volumes/MOCP_AI/Link_OW
902,Linke_A,/Volumes/MOCP_AI/Linke_A
903,Linn_T,/Volumes/MOCP_AI/Linn_T
904,Linnap_E,/Volumes/MOCP_AI/Linnap_E
905,Linnap_P,/Volumes/MOCP_AI/Linnap_P
906,Liuming_Ma,/Volumes/MOCP_AI/Liuming_Ma
907,Lochman_L,/Volumes/MOCP_AI/Lochman_L
908,Locke_E,/Volumes/MOCP_AI/Locke_E
909,Loginsky_A,/Volumes/MOCP_AI/Loginsky_A
910,Lokk_M,/Volumes/MOCP_AI/Lokk_M
911,Long_T,/Volumes/MOCP_AI/Long_T
912,Lonier_M,/Volumes/MOCP_AI/Lonier_M
913,LopezRotella_J,/Volumes/MOCP_AI/LopezRotella_J
914,Lopez_H,/Volumes/MOCP_AI/Lopez_H
915,Lopez_J,/Volumes/MOCP_AI/Lopez_J
916,Lorin_G,/Volumes/MOCP_AI/Lorin_G
917,Lovejoy_E,/Volumes/MOCP_AI/Lovejoy_E
918,Lubroth_A,/Volumes/MOCP_AI/Lubroth_A
919,Luders_M,/Volumes/MOCP_AI/Luders_M
920,LuedersBooth_A,/Volumes/MOCP_AI/LuedersBooth_A
921,Lui_EG,/Volumes/MOCP_AI/Lui_EG
922,Lund_R,/Volumes/MOCP_AI/Lund_R
923,Luster_D,/Volumes/MOCP_AI/Luster_D
924,Lutter_V,/Volumes/MOCP_AI/Lutter_V
925,Lux_L,/Volumes/MOCP_AI/Lux_L
926,Lyon_D,/Volumes/MOCP_AI/Lyon_D
927,Lyon_J,/Volumes/MOCP_AI/Lyon_J
928,Lyons_J,/Volumes/MOCP_AI/Lyons_J
929,MMalagrino_S,/Volumes/MOCP_AI/MMalagrino_S
930,MPP,/Volumes/MOCP_AI/MPP
931,"Ma Liang","/Volumes/MOCP_AI/Ma Liang"
932,MacGregor_G,/Volumes/MOCP_AI/MacGregor_G
933,MacLean_A,/Volumes/MOCP_AI/MacLean_A
934,Maday_T,/Volumes/MOCP_AI/Maday_T
935,Madigan_M,/Volumes/MOCP_AI/Madigan_M
936,Magdy_B,/Volumes/MOCP_AI/Magdy_B
937,Magnum,/Volumes/MOCP_AI/Magnum
938,Maguire_B,/Volumes/MOCP_AI/Maguire_B
939,Mahtesian_J,/Volumes/MOCP_AI/Mahtesian_J
940,Maisel_D,/Volumes/MOCP_AI/Maisel_D
941,Makarius_S,/Volumes/MOCP_AI/Makarius_S
942,Malagrino_S,/Volumes/MOCP_AI/Malagrino_S
943,Malde_P,/Volumes/MOCP_AI/Malde_P
944,Maldonado_B,/Volumes/MOCP_AI/Maldonado_B
945,Maldre_M,/Volumes/MOCP_AI/Maldre_M
946,Maloney_J,/Volumes/MOCP_AI/Maloney_J
947,Manarchy_D,/Volumes/MOCP_AI/Manarchy_D
948,Manarchy_M,/Volumes/MOCP_AI/Manarchy_M
949,Mancini_S,/Volumes/MOCP_AI/Mancini_S
950,Mandelbaum_A,/Volumes/MOCP_AI/Mandelbaum_A
951,Mann_C,/Volumes/MOCP_AI/Mann_C
952,Mann_S,/Volumes/MOCP_AI/Mann_S
953,Manno_S,/Volumes/MOCP_AI/Manno_S
954,Manressa_K,/Volumes/MOCP_AI/Manressa_K
955,Manual,/Volumes/MOCP_AI/Manual
956,Mapplethorpe_R,/Volumes/MOCP_AI/Mapplethorpe_R
957,Marc_S,/Volumes/MOCP_AI/Marc_S
958,Marin_RL,/Volumes/MOCP_AI/Marin_RL
959,Mark_ME,/Volumes/MOCP_AI/Mark_ME
960,low-res,/Volumes/MOCP_AI/Markov-Grinberg_M/low-res
961,Markov-Grinberg_M,/Volumes/MOCP_AI/Markov-Grinberg_M
962,Markus_K,/Volumes/MOCP_AI/Markus_K
963,Marsh_F,/Volumes/MOCP_AI/Marsh_F
964,Martin_RL,/Volumes/MOCP_AI/Martin_RL
965,MartinezCanas_M,/Volumes/MOCP_AI/MartinezCanas_M
966,Martinez_E,/Volumes/MOCP_AI/Martinez_E
967,Marucha_and_Mayito,/Volumes/MOCP_AI/Marucha_and_Mayito
968,"Mata Rosas_F","/Volumes/MOCP_AI/Mata Rosas_F"
969,Matar_D,/Volumes/MOCP_AI/Matar_D
970,Matusow_R,/Volumes/MOCP_AI/Matusow_R
971,Maurer_N,/Volumes/MOCP_AI/Maurer_N
972,Maxwell_St_PB,/Volumes/MOCP_AI/Maxwell_St_PB
973,Mays_A,/Volumes/MOCP_AI/Mays_A
974,McCann_M,/Volumes/MOCP_AI/McCann_M
975,McCartney_P,/Volumes/MOCP_AI/McCartney_P
976,McCormick_D,/Volumes/MOCP_AI/McCormick_D
977,McCullin_D,/Volumes/MOCP_AI/McCullin_D
978,McDonnell_D,/Volumes/MOCP_AI/McDonnell_D
979,McElroy_L,/Volumes/MOCP_AI/McElroy_L
980,McFarland_S,/Volumes/MOCP_AI/McFarland_S
981,McGowan_E,/Volumes/MOCP_AI/McGowan_E
982,McGowan_K,/Volumes/MOCP_AI/McGowan_K
983,McKinney_M,/Volumes/MOCP_AI/McKinney_M
984,Details,/Volumes/MOCP_AI/McKinney_R/Details
985,McKinney_R,/Volumes/MOCP_AI/McKinney_R
986,McLoughlin_M,/Volumes/MOCP_AI/McLoughlin_M
987,McPherson_L,/Volumes/MOCP_AI/McPherson_L
988,McWee_N,/Volumes/MOCP_AI/McWee_N
989,McWilliams_J,/Volumes/MOCP_AI/McWilliams_J
990,Meatyard_RE,/Volumes/MOCP_AI/Meatyard_RE
991,Medina_L,/Volumes/MOCP_AI/Medina_L
992,Medkova_E,/Volumes/MOCP_AI/Medkova_E
993,Meerdo_C,/Volumes/MOCP_AI/Meerdo_C
994,Meisel_S,/Volumes/MOCP_AI/Meisel_S
995,Meiselas_S,/Volumes/MOCP_AI/Meiselas_S
996,Melnick_P,/Volumes/MOCP_AI/Melnick_P
997,Melnyk_M,/Volumes/MOCP_AI/Melnyk_M
998,Menner_S,/Volumes/MOCP_AI/Menner_S
999,Menzel_P,/Volumes/MOCP_AI/Menzel_P
1000,Mercier_M,/Volumes/MOCP_AI/Mercier_M
1001,Merila_H,/Volumes/MOCP_AI/Merila_H
1002,Merrick_N,/Volumes/MOCP_AI/Merrick_N
1003,Mertin_R,/Volumes/MOCP_AI/Mertin_R
1004,Metzker_R,/Volumes/MOCP_AI/Metzker_R
1005,Metzner_S,/Volumes/MOCP_AI/Metzner_S
1006,Meyer_P,/Volumes/MOCP_AI/Meyer_P
1007,Meyerowitz_J,/Volumes/MOCP_AI/Meyerowitz_J
1008,Michailov_B,/Volumes/MOCP_AI/Michailov_B
1009,Michalik_C,/Volumes/MOCP_AI/Michalik_C
1010,"2010_67 book pages","/Volumes/MOCP_AI/Michals_D/2010_67 book pages"
1011,Michals_D,/Volumes/MOCP_AI/Michals_D
1012,Middlebrook_W,/Volumes/MOCP_AI/Middlebrook_W
1013,Milan_W,/Volumes/MOCP_AI/Milan_W
1014,Millea_T,/Volumes/MOCP_AI/Millea_T
1015,Miller_D,/Volumes/MOCP_AI/Miller_D
1016,Miller_E,/Volumes/MOCP_AI/Miller_E
1017,Miller_M,/Volumes/MOCP_AI/Miller_M
1018,Miller_R,/Volumes/MOCP_AI/Miller_R
1019,Miller_T,/Volumes/MOCP_AI/Miller_T
1020,Millikan_J,/Volumes/MOCP_AI/Millikan_J
1021,Min_ByungHun,/Volumes/MOCP_AI/Min_ByungHun
1022,Minick_R,/Volumes/MOCP_AI/Minick_R
1023,Minkkinen_R,/Volumes/MOCP_AI/Minkkinen_R
1024,Minnix_G,/Volumes/MOCP_AI/Minnix_G
1025,Mirano_V,/Volumes/MOCP_AI/Mirano_V
1026,Misrach_R,/Volumes/MOCP_AI/Misrach_R
1027,Mitchell_J,/Volumes/MOCP_AI/Mitchell_J
1028,Modotti_T,/Volumes/MOCP_AI/Modotti_T
1029,Montana,/Volumes/MOCP_AI/Montana
1030,Moore_A,/Volumes/MOCP_AI/Moore_A
1031,Moore_S,/Volumes/MOCP_AI/Moore_S
1032,Moran_M,/Volumes/MOCP_AI/Moran_M
1033,Morath_I,/Volumes/MOCP_AI/Morath_I
1034,Morell_A,/Volumes/MOCP_AI/Morell_A
1035,Morgan_B,/Volumes/MOCP_AI/Morgan_B
1036,Moro_T,/Volumes/MOCP_AI/Moro_T
1037,Moroe_J,/Volumes/MOCP_AI/Moroe_J
1038,Morrell_L,/Volumes/MOCP_AI/Morrell_L
1039,Moscovitch_K,/Volumes/MOCP_AI/Moscovitch_K
1040,Mosher_R,/Volumes/MOCP_AI/Mosher_R
1041,Moss_J,/Volumes/MOCP_AI/Moss_J
1042,Moss_Jean,/Volumes/MOCP_AI/Moss_Jean
1043,Mosse_R,/Volumes/MOCP_AI/Mosse_R
1044,Mossmann_J,/Volumes/MOCP_AI/Mossmann_J
1045,MotherJonesPB,/Volumes/MOCP_AI/MotherJonesPB
1046,Mueller_E,/Volumes/MOCP_AI/Mueller_E
1047,Muha_M,/Volumes/MOCP_AI/Muha_M
1048,Muholi_Z,/Volumes/MOCP_AI/Muholi_Z
1049,Muldoon_D,/Volumes/MOCP_AI/Muldoon_D
1050,MullerPohle_A,/Volumes/MOCP_AI/MullerPohle_A
1051,"Mulvany Details","/Volumes/MOCP_AI/Mulvany_J/Mulvany Details"
1052,"X hat","/Volumes/MOCP_AI/Mulvany_J/X hat"
1053,Mulvany_J,/Volumes/MOCP_AI/Mulvany_J
1054,Muniz_V,/Volumes/MOCP_AI/Muniz_V
1055,Murphy_JJ,/Volumes/MOCP_AI/Murphy_JJ
1056,Mydans_C,/Volumes/MOCP_AI/Mydans_C
1057,Myers_L,/Volumes/MOCP_AI/Myers_L
1058,NASA,/Volumes/MOCP_AI/NASA
1059,Nagatani_P,/Volumes/MOCP_AI/Nagatani_P
1060,Nakagawa_J,/Volumes/MOCP_AI/Nakagawa_J
1061,Nakamura_M,/Volumes/MOCP_AI/Nakamura_M
1062,Nameth_R,/Volumes/MOCP_AI/Nameth_R
1063,Natal_J,/Volumes/MOCP_AI/Natal_J
1064,Natali_E,/Volumes/MOCP_AI/Natali_E
1065,Natkin_P,/Volumes/MOCP_AI/Natkin_P
1066,Nayar_Y,/Volumes/MOCP_AI/Nayar_Y
1067,Neimanas_J,/Volumes/MOCP_AI/Neimanas_J
1068,Nelson_A,/Volumes/MOCP_AI/Nelson_A
1069,Neshat_S,/Volumes/MOCP_AI/Neshat_S
1070,Nettles_B,/Volumes/MOCP_AI/Nettles_B
1071,Nevel_J,/Volumes/MOCP_AI/Nevel_J
1072,"New folder","/Volumes/MOCP_AI/New folder"
1073,"New folder (2)","/Volumes/MOCP_AI/New folder (2)"
1074,New_Catalogue,/Volumes/MOCP_AI/New_Catalogue
1075,Newberry_J,/Volumes/MOCP_AI/Newberry_J
1076,Newbury_S,/Volumes/MOCP_AI/Newbury_S
1077,Newhall_B,/Volumes/MOCP_AI/Newhall_B
1078,Newhall_J,/Volumes/MOCP_AI/Newhall_J
1079,Newman_M,/Volumes/MOCP_AI/Newman_M
1080,Nguyen_L,/Volumes/MOCP_AI/Nguyen_L
1081,Nicholas_T,/Volumes/MOCP_AI/Nicholas_T
1082,Nickel_R,/Volumes/MOCP_AI/Nickel_R
1083,Nickopensius_M,/Volumes/MOCP_AI/Nickopensius_M
1084,Nicosia_N,/Volumes/MOCP_AI/Nicosia_N
1085,Niedermayr_W,/Volumes/MOCP_AI/Niedermayr_W
1086,Nixon_N,/Volumes/MOCP_AI/Nixon_N
1087,Noelker_F,/Volumes/MOCP_AI/Noelker_F
1088,Noggle_A,/Volumes/MOCP_AI/Noggle_A
1089,Noone_T,/Volumes/MOCP_AI/Noone_T
1090,Noorits_T,/Volumes/MOCP_AI/Noorits_T
1091,Norfleet_B,/Volumes/MOCP_AI/Norfleet_B
1092,Norfolk_S,/Volumes/MOCP_AI/Norfolk_S
1093,North_K,/Volumes/MOCP_AI/North_K
1094,Northrup_M,/Volumes/MOCP_AI/Northrup_M
1095,Norton_H,/Volumes/MOCP_AI/Norton_H
1096,Noskowiak_S,/Volumes/MOCP_AI/Noskowiak_S
1097,Noval_L,/Volumes/MOCP_AI/Noval_L
1098,Nowak_T,/Volumes/MOCP_AI/Nowak_T
1099,Noyes_C,/Volumes/MOCP_AI/Noyes_C
1100,O-Hearn_K,/Volumes/MOCP_AI/O-Hearn_K
1101,O-Neil_E,/Volumes/MOCP_AI/O-Neil_E
1102,O-Neill_P,/Volumes/MOCP_AI/O-Neill_P
1103,"Object Orange","/Volumes/MOCP_AI/Object Orange"
1104,Okutomi_K,/Volumes/MOCP_AI/Okutomi_K
1105,Olderman_R,/Volumes/MOCP_AI/Olderman_R
1106,Ollman_A,/Volumes/MOCP_AI/Ollman_A
1107,Oltheten_P,/Volumes/MOCP_AI/Oltheten_P
1108,"Onorato_T & Krebs_N","/Volumes/MOCP_AI/Onorato_T & Krebs_N"
1109,Opera_J,/Volumes/MOCP_AI/Opera_J
1110,Oresick_D,/Volumes/MOCP_AI/Oresick_D
1111,Orland_T,/Volumes/MOCP_AI/Orland_T
1112,Osgood_C,/Volumes/MOCP_AI/Osgood_C
1113,Osterburg_L,/Volumes/MOCP_AI/Osterburg_L
1114,Osterman_W,/Volumes/MOCP_AI/Osterman_W
1115,Ostrovsky_R,/Volumes/MOCP_AI/Ostrovsky_R
1116,Othova_M,/Volumes/MOCP_AI/Othova_M
1117,Overhouser_S,/Volumes/MOCP_AI/Overhouser_S
1118,Owen_T,/Volumes/MOCP_AI/Owen_T
1119,Owens_B,/Volumes/MOCP_AI/Owens_B
1120,Pacheco_J,/Volumes/MOCP_AI/Pacheco_J
1121,Palazzolo_M,/Volumes/MOCP_AI/Palazzolo_M
1122,Pallas_M,/Volumes/MOCP_AI/Pallas_M
1123,Palozzolo_T,/Volumes/MOCP_AI/Palozzolo_T
1124,Panar_E,/Volumes/MOCP_AI/Panar_E
1125,Panas_L,/Volumes/MOCP_AI/Panas_L
1126,Papo_R,/Volumes/MOCP_AI/Papo_R
1127,"Esther Parada study collection","/Volumes/MOCP_AI/Parada_Esther_PG/Esther Parada study collection"
1128,"extra images","/Volumes/MOCP_AI/Parada_Esther_PG/Parada Docs/extra images"
1129,"Parada Docs","/Volumes/MOCP_AI/Parada_Esther_PG/Parada Docs"
1130,"2006_259 by panel","/Volumes/MOCP_AI/Parada_Esther_PG/Parada_E/2006_259 by panel"
1131,Parada_E,/Volumes/MOCP_AI/Parada_Esther_PG/Parada_E
1132,Parada_Esther_PG,/Volumes/MOCP_AI/Parada_Esther_PG
1133,Parker_B,/Volumes/MOCP_AI/Parker_B
1134,Parker_O,/Volumes/MOCP_AI/Parker_O
1135,Parker_S,/Volumes/MOCP_AI/Parker_S
1136,Parks_G,/Volumes/MOCP_AI/Parks_G
1137,Parks_T,/Volumes/MOCP_AI/Parks_T
1138,Partridge_R,/Volumes/MOCP_AI/Partridge_R
1139,Pastor_S,/Volumes/MOCP_AI/Pastor_S
1140,Patterson_B,/Volumes/MOCP_AI/Patterson_B
1141,Patterson_C,/Volumes/MOCP_AI/Patterson_C
1142,Patterson_R,/Volumes/MOCP_AI/Patterson_R
1143,Patterson_S,/Volumes/MOCP_AI/Patterson_S
1144,Patton_S,/Volumes/MOCP_AI/Patton_S
1145,Paukstys_S,/Volumes/MOCP_AI/Paukstys_S
1146,Payne_J,/Volumes/MOCP_AI/Payne_J
1147,Pearson_A,/Volumes/MOCP_AI/Pearson_A
1148,Pechoucek_M,/Volumes/MOCP_AI/Pechoucek_M
1149,Peck_M,/Volumes/MOCP_AI/Peck_M
1150,Penn_I,/Volumes/MOCP_AI/Penn_I
1151,Peress_G,/Volumes/MOCP_AI/Peress_G
1152,Perez_A,/Volumes/MOCP_AI/Perez_A
1153,Perkins_M,/Volumes/MOCP_AI/Perkins_M
1154,Perno_J,/Volumes/MOCP_AI/Perno_J
1155,Perraud_S,/Volumes/MOCP_AI/Perraud_S
1156,Perston_H,/Volumes/MOCP_AI/Perston_H
1157,Petlin_A,/Volumes/MOCP_AI/Petlin_A
1158,Petrauskas_M,/Volumes/MOCP_AI/Petrauskas_M
1159,Petrillo_T,/Volumes/MOCP_AI/Petrillo_T
1160,Pfahl_J,/Volumes/MOCP_AI/Pfahl_J
1161,Pfeffer_B,/Volumes/MOCP_AI/Pfeffer_B
1162,Pflaumer_F,/Volumes/MOCP_AI/Pflaumer_F
1163,Philips_RB,/Volumes/MOCP_AI/Philips_RB
1164,Phillips_B,/Volumes/MOCP_AI/Phillips_B
1165,Phillips_C,/Volumes/MOCP_AI/Phillips_C
1166,Phyfer_C,/Volumes/MOCP_AI/Phyfer_C
1167,Pickering_S,/Volumes/MOCP_AI/Pickering_S
1168,Pilat_K,/Volumes/MOCP_AI/Pilat_K
1169,Pillsbury_M,/Volumes/MOCP_AI/Pillsbury_M
1170,Pinkel_S,/Volumes/MOCP_AI/Pinkel_S
1171,Pinney_M,/Volumes/MOCP_AI/Pinney_M
1172,Piontek_B,/Volumes/MOCP_AI/Piontek_B
1173,Plowden_David,/Volumes/MOCP_AI/Plowden_David
1174,Plumb_C,/Volumes/MOCP_AI/Plumb_C
1175,Pokempner_M,/Volumes/MOCP_AI/Pokempner_M
1176,Pope_C,/Volumes/MOCP_AI/Pope_C
1177,Porett_T,/Volumes/MOCP_AI/Porett_T
1178,Porter_E,/Volumes/MOCP_AI/Porter_E
1179,Porter_M,/Volumes/MOCP_AI/Porter_M
1180,Post_B,/Volumes/MOCP_AI/Post_B
1181,"Postcards from America","/Volumes/MOCP_AI/Postcards from America"
1182,Pottinger_R,/Volumes/MOCP_AI/Pottinger_R
1183,Powell_D,/Volumes/MOCP_AI/Powell_D
1184,Prakash_N,/Volumes/MOCP_AI/Prakash_N
1185,Pratt_C,/Volumes/MOCP_AI/Pratt_C
1186,Pratt_D,/Volumes/MOCP_AI/Pratt_D
1187,Pratt_G,/Volumes/MOCP_AI/Pratt_G
1188,Preston_H,/Volumes/MOCP_AI/Preston_H
1189,Prince_D,/Volumes/MOCP_AI/Prince_D
1190,Princen_B,/Volumes/MOCP_AI/Princen_B
1191,Prior_N,/Volumes/MOCP_AI/Prior_N
1192,Probst_B,/Volumes/MOCP_AI/Probst_B
1193,Project2PB,/Volumes/MOCP_AI/Project2PB
1194,Protsin_A,/Volumes/MOCP_AI/Protsin_A
1195,Pullman_D,/Volumes/MOCP_AI/Pullman_D
1196,Pulokas_V,/Volumes/MOCP_AI/Pulokas_V
1197,Puyo_C,/Volumes/MOCP_AI/Puyo_C
1198,Pyatkovka_R,/Volumes/MOCP_AI/Pyatkovka_R
1199,Quinn_J,/Volumes/MOCP_AI/Quinn_J
1200,RISD,/Volumes/MOCP_AI/RISD
1201,RISD9,/Volumes/MOCP_AI/RISD9
1202,Raaf_S,/Volumes/MOCP_AI/Raaf_S
1203,Rakoff_P,/Volumes/MOCP_AI/Rakoff_P
1204,Rand_M,/Volumes/MOCP_AI/Rand_M
1205,Rankaitis_S,/Volumes/MOCP_AI/Rankaitis_S
1206,Rankin_S,/Volumes/MOCP_AI/Rankin_S
1207,Rasmussen_E,/Volumes/MOCP_AI/Rasmussen_E
1208,Rauschenberg_C,/Volumes/MOCP_AI/Rauschenberg_C
1209,Ray_J,/Volumes/MOCP_AI/Ray_J
1210,Records_S,/Volumes/MOCP_AI/Records_S
1211,Redmond_J,/Volumes/MOCP_AI/Redmond_J
1212,Reed_E,/Volumes/MOCP_AI/Reed_E
1213,Reed_L,/Volumes/MOCP_AI/Reed_L
1214,Reichmann_V,/Volumes/MOCP_AI/Reichmann_V
1215,Reininger_A,/Volumes/MOCP_AI/Reininger_A
1216,Reisman_S,/Volumes/MOCP_AI/Reisman_S
1217,Revelle_B,/Volumes/MOCP_AI/Revelle_B
1218,Riboud_M,/Volumes/MOCP_AI/Riboud_M
1219,Rice_L,/Volumes/MOCP_AI/Rice_L
1220,Rich_F,/Volumes/MOCP_AI/Rich_F
1221,Rich_J,/Volumes/MOCP_AI/Rich_J
1222,Richards_E,/Volumes/MOCP_AI/Richards_E
1223,Richman_B,/Volumes/MOCP_AI/Richman_B
1224,Richter_B,/Volumes/MOCP_AI/Richter_B
1225,Rickard_D,/Volumes/MOCP_AI/Rickard_D
1226,Riepenhoff_M,/Volumes/MOCP_AI/Riepenhoff_M
1227,Riskind_J,/Volumes/MOCP_AI/Riskind_J
1228,Ritts_H,/Volumes/MOCP_AI/Ritts_H
1229,Robbennolt_L,/Volumes/MOCP_AI/Robbennolt_L
1230,RobbinsBecher,/Volumes/MOCP_AI/RobbinsBecher
1231,Robert_F,/Volumes/MOCP_AI/Robert_F
1232,Details,/Volumes/MOCP_AI/Roberts_H/Details
1233,Roberts_H,/Volumes/MOCP_AI/Roberts_H
1234,Roberts_S,/Volumes/MOCP_AI/Roberts_S
1235,Robinson,/Volumes/MOCP_AI/Robinson
1236,Robinson_G,/Volumes/MOCP_AI/Robinson_G
1237,Robinson_M,/Volumes/MOCP_AI/Robinson_M
1238,Rocha_Pitta_T,/Volumes/MOCP_AI/Rocha_Pitta_T
1239,Roda_T,/Volumes/MOCP_AI/Roda_T
1240,Rodger_G,/Volumes/MOCP_AI/Rodger_G
1241,Rogovin_M,/Volumes/MOCP_AI/Rogovin_M
1242,Rogozkin_S,/Volumes/MOCP_AI/Rogozkin_S
1243,Rolin_D,/Volumes/MOCP_AI/Rolin_D
1244,Romer_HS,/Volumes/MOCP_AI/Romer_HS
1245,Rondinone_U,/Volumes/MOCP_AI/Rondinone_U
1246,Rosen_A,/Volumes/MOCP_AI/Rosen_A
1247,Rosenbaum_P,/Volumes/MOCP_AI/Rosenbaum_P
1248,Rosenblum_W,/Volumes/MOCP_AI/Rosenblum_W
1249,Rosenthal_S,/Volumes/MOCP_AI/Rosenthal_S
1250,Rosler_M,/Volumes/MOCP_AI/Rosler_M
1251,Ross_L,/Volumes/MOCP_AI/Ross_L
1252,Rossiter_A,/Volumes/MOCP_AI/Rossiter_A
1253,Rossler_J,/Volumes/MOCP_AI/Rossler_J
1254,hi-res,/Volumes/MOCP_AI/Rothstein_A/hi-res
1255,Rothstein_A,/Volumes/MOCP_AI/Rothstein_A
1256,Roussel_D,/Volumes/MOCP_AI/Roussel_D
1257,Rovner_M,/Volumes/MOCP_AI/Rovner_M
1258,Rowe_J,/Volumes/MOCP_AI/Rowe_J
1259,Rowell_S,/Volumes/MOCP_AI/Rowell_S
1260,Rubenstein_El,/Volumes/MOCP_AI/Rubenstein_El
1261,Rubenstein_M,/Volumes/MOCP_AI/Rubenstein_M
1262,Rubin_M,/Volumes/MOCP_AI/Rubin_M
1263,Rubinstein_Ev,/Volumes/MOCP_AI/Rubinstein_Ev
1264,Rudolph_G,/Volumes/MOCP_AI/Rudolph_G
1265,Ruscha_E,/Volumes/MOCP_AI/Ruscha_E
1266,Ruther_J,/Volumes/MOCP_AI/Ruther_J
1267,Ruttan_A,/Volumes/MOCP_AI/Ruttan_A
1268,Ruwedel_M,/Volumes/MOCP_AI/Ruwedel_M
1269,Ruzdik_D,/Volumes/MOCP_AI/Ruzdik_D
1270,Ruzicka_DJ,/Volumes/MOCP_AI/Ruzicka_DJ
1271,Ryan_J,/Volumes/MOCP_AI/Ryan_J
1272,Rybchinski_Y,/Volumes/MOCP_AI/Rybchinski_Y
1273,Rydet_Z,/Volumes/MOCP_AI/Rydet_Z
1274,SAIC,/Volumes/MOCP_AI/SAIC
1275,"SAIC 1979","/Volumes/MOCP_AI/SAIC 1979"
1276,SAIC1,/Volumes/MOCP_AI/SAIC1
1277,SEMICONDUCTOR,/Volumes/MOCP_AI/SEMICONDUCTOR
1278,Sal_J,/Volumes/MOCP_AI/Sal_J
1279,Salavon_J,/Volumes/MOCP_AI/Salavon_J
1280,Sales_B,/Volumes/MOCP_AI/Sales_B
1281,Salle_D,/Volumes/MOCP_AI/Salle_D
1282,Salzmann_L,/Volumes/MOCP_AI/Salzmann_L
1283,Sambunaris_V,/Volumes/MOCP_AI/Sambunaris_V
1284,Samoylova_A,/Volumes/MOCP_AI/Samoylova_A
1285,Sander_A,/Volumes/MOCP_AI/Sander_A
1286,Sanna_A,/Volumes/MOCP_AI/Sanna_A
1287,Sasaki_K,/Volumes/MOCP_AI/Sasaki_K
1288,Sassen_V,/Volumes/MOCP_AI/Sassen_V
1289,Satizabal_M,/Volumes/MOCP_AI/Satizabal_M
1290,Saudek_J,/Volumes/MOCP_AI/Saudek_J
1291,Saunders_S,/Volumes/MOCP_AI/Saunders_S
1292,Sauvin_T,/Volumes/MOCP_AI/Sauvin_T
1293,Savage_K,/Volumes/MOCP_AI/Savage_K
1294,Savelev_B,/Volumes/MOCP_AI/Savelev_B
1295,Sawyers_R,/Volumes/MOCP_AI/Sawyers_R
1296,Sayurin_P,/Volumes/MOCP_AI/Sayurin_P
1297,Scavullo_F,/Volumes/MOCP_AI/Scavullo_F
1298,Scheer_S,/Volumes/MOCP_AI/Scheer_S
1299,Scheuttle_M,/Volumes/MOCP_AI/Scheuttle_M
1300,Schiff_D,/Volumes/MOCP_AI/Schiff_D
1301,Schles_K,/Volumes/MOCP_AI/Schles_K
1302,Schloff_S,/Volumes/MOCP_AI/Schloff_S
1303,Schmelling_M,/Volumes/MOCP_AI/Schmelling_M
1304,Schneeberger_A,/Volumes/MOCP_AI/Schneeberger_A
1305,Schneider_C,/Volumes/MOCP_AI/Schneider_C
1306,Schneider_G,/Volumes/MOCP_AI/Schneider_G
1307,Schoenfeld_D,/Volumes/MOCP_AI/Schoenfeld_D
1308,Schorr_S,/Volumes/MOCP_AI/Schorr_S
1309,Schrager_V,/Volumes/MOCP_AI/Schrager_V
1310,Schreiber_A,/Volumes/MOCP_AI/Schreiber_A
1311,Schulz_J,/Volumes/MOCP_AI/Schulz_J
1312,Schulze_J,/Volumes/MOCP_AI/Schulze_J
1313,Schwartz_M,/Volumes/MOCP_AI/Schwartz_M
1314,Schweitzer_S,/Volumes/MOCP_AI/Schweitzer_S
1315,Scientia_Artifex,/Volumes/MOCP_AI/Scientia_Artifex
1316,Sear_H,/Volumes/MOCP_AI/Sear_H
1317,Searles_W,/Volumes/MOCP_AI/Searles_W
1318,Seavey_V,/Volumes/MOCP_AI/Seavey_V
1319,Seawell_J,/Volumes/MOCP_AI/Seawell_J
1320,Sebastian_V,/Volumes/MOCP_AI/Sebastian_V
1321,Sechler_K,/Volumes/MOCP_AI/Sechler_K
1322,Seed_S,/Volumes/MOCP_AI/Seed_S
1323,Seely_C,/Volumes/MOCP_AI/Seely_C
1324,Seisler_N,/Volumes/MOCP_AI/Seisler_N
1325,Semak_M,/Volumes/MOCP_AI/Semak_M
1326,Sepuya_PM,/Volumes/MOCP_AI/Sepuya_PM
1327,Serrano_A,/Volumes/MOCP_AI/Serrano_A
1328,Seubert_S,/Volumes/MOCP_AI/Seubert_S
1329,Seymour_D,/Volumes/MOCP_AI/Seymour_D
1330,Seymour_R,/Volumes/MOCP_AI/Seymour_R
1331,Shahn_B,/Volumes/MOCP_AI/Shahn_B
1332,Shambroom_P,/Volumes/MOCP_AI/Shambroom_P
1333,Shapiro_C,/Volumes/MOCP_AI/Shapiro_C
1334,Sharamitaro_L,/Volumes/MOCP_AI/Sharamitaro_L
1335,Shay_A,/Volumes/MOCP_AI/Shay_A
1336,Sheikh_F,/Volumes/MOCP_AI/Sheikh_F
1337,Sheldon_N,/Volumes/MOCP_AI/Sheldon_N
1338,Sheridan_S,/Volumes/MOCP_AI/Sheridan_S
1339,Sherman_C,/Volumes/MOCP_AI/Sherman_C
1340,Shibata_T,/Volumes/MOCP_AI/Shibata_T
1341,Shiga_L,/Volumes/MOCP_AI/Shiga_L
1342,"Shimon_J and Lindemann_J","/Volumes/MOCP_AI/Shimon_J and Lindemann_J"
1343,Shirk_R,/Volumes/MOCP_AI/Shirk_R
1344,Shirley_T,/Volumes/MOCP_AI/Shirley_T
1345,Shore_S,/Volumes/MOCP_AI/Shore_S
1346,Shorr_K,/Volumes/MOCP_AI/Shorr_K
1347,Shotwell_C,/Volumes/MOCP_AI/Shotwell_C
1348,Shteynshleyger_A,/Volumes/MOCP_AI/Shteynshleyger_A
1349,Shuck_M,/Volumes/MOCP_AI/Shuck_M
1350,Siber_M,/Volumes/MOCP_AI/Siber_M
1351,"Sieber_O and Stuke_K","/Volumes/MOCP_AI/Sieber_O and Stuke_K"
1352,Siegel_A,/Volumes/MOCP_AI/Siegel_A
1353,Silberstein_B,/Volumes/MOCP_AI/Silberstein_B
1354,SimanTov_O,/Volumes/MOCP_AI/SimanTov_O
1355,Simko_R,/Volumes/MOCP_AI/Simko_R
1356,Simmons_L,/Volumes/MOCP_AI/Simmons_L
1357,Simon_M,/Volumes/MOCP_AI/Simon_M
1358,Simon_T,/Volumes/MOCP_AI/Simon_T
1359,Simoneau_G,/Volumes/MOCP_AI/Simoneau_G
1360,Simpson_L,/Volumes/MOCP_AI/Simpson_L
1361,Sims_M,/Volumes/MOCP_AI/Sims_M
1362,Sinsabaugh_A,/Volumes/MOCP_AI/Sinsabaugh_A
1363,Sinsabaugh_E,/Volumes/MOCP_AI/Sinsabaugh_E
1364,Siskind_A,/Volumes/MOCP_AI/Siskind_A
1365,Skarbakka_K,/Volumes/MOCP_AI/Skarbakka_K
1366,Skoglund_S,/Volumes/MOCP_AI/Skoglund_S
1367,Skolnick_A,/Volumes/MOCP_AI/Skolnick_A
1368,"Not in iO","/Volumes/MOCP_AI/Skrebneski_V/Not in iO"
1369,Skrebneski_V,/Volumes/MOCP_AI/Skrebneski_V
1370,Slavin_N,/Volumes/MOCP_AI/Slavin_N
1371,Sligh_C,/Volumes/MOCP_AI/Sligh_C
1372,Slivinski_D,/Volumes/MOCP_AI/Slivinski_D
1373,Sloan_JA,/Volumes/MOCP_AI/Sloan_JA
1374,Sloan_JD,/Volumes/MOCP_AI/Sloan_JD
1375,Sloan_L,/Volumes/MOCP_AI/Sloan_L
1376,"Slovenc, H","/Volumes/MOCP_AI/Slovenc, H"
1377,Slovenc_H,/Volumes/MOCP_AI/Slovenc_H
1378,Slyusarev_A,/Volumes/MOCP_AI/Slyusarev_A
1379,Small_C,/Volumes/MOCP_AI/Small_C
1380,Smelov_B,/Volumes/MOCP_AI/Smelov_B
1381,Smit_Bryan,/Volumes/MOCP_AI/Smit_Bryan
1382,Smith_Alix,/Volumes/MOCP_AI/Smith_Alix
1383,Smith_C,/Volumes/MOCP_AI/Smith_C
1384,Smith_E,/Volumes/MOCP_AI/Smith_E
1385,Smith_Eugene,/Volumes/MOCP_AI/Smith_Eugene
1386,Smith_Harold,/Volumes/MOCP_AI/Smith_Harold
1387,Smith_Henry,/Volumes/MOCP_AI/Smith_Henry
1388,Smith_Keith,/Volumes/MOCP_AI/Smith_Keith
1389,Smith_Kevin,/Volumes/MOCP_AI/Smith_Kevin
1390,Smith_M,/Volumes/MOCP_AI/Smith_M
1391,Smith_Mike,/Volumes/MOCP_AI/Smith_Mike
1392,Smitherman_G,/Volumes/MOCP_AI/Smitherman_G
1393,Snider_L,/Volumes/MOCP_AI/Snider_L
1394,Snyder_L,/Volumes/MOCP_AI/Snyder_L
1395,Sollenz,/Volumes/MOCP_AI/Sollenz
1396,Solomon_R,/Volumes/MOCP_AI/Solomon_R
1397,Soluri_T,/Volumes/MOCP_AI/Soluri_T
1398,"untitled folder","/Volumes/MOCP_AI/Sonneman_E/untitled folder"
1399,Sonneman_E,/Volumes/MOCP_AI/Sonneman_E
1400,"Sorce, W","/Volumes/MOCP_AI/Sorce, W"
1401,Sorenson_S,/Volumes/MOCP_AI/Sorenson_S
1402,Sortore_A,/Volumes/MOCP_AI/Sortore_A
1403,"Soth Broken Manual","/Volumes/MOCP_AI/Soth_A/Broken Manual, Entire Book/Soth Broken Manual"
1404,"Broken Manual, Entire Book","/Volumes/MOCP_AI/Soth_A/Broken Manual, Entire Book"
1405,Soth_A,/Volumes/MOCP_AI/Soth_A
1406,Source_W,/Volumes/MOCP_AI/Source_W
1407,Sparagana_J,/Volumes/MOCP_AI/Sparagana_J
1408,Sparks_C,/Volumes/MOCP_AI/Sparks_C
1409,"Special Books","/Volumes/MOCP_AI/Special Books"
1410,Spector_B,/Volumes/MOCP_AI/Spector_B
1411,Spencer_E,/Volumes/MOCP_AI/Spencer_E
1412,Sprague_S,/Volumes/MOCP_AI/Sprague_S
1413,Spurny_M,/Volumes/MOCP_AI/Spurny_M
1414,Staffne_D,/Volumes/MOCP_AI/Staffne_D
1415,Stark_S,/Volumes/MOCP_AI/Stark_S
1416,Starkey_H,/Volumes/MOCP_AI/Starkey_H
1417,Starn_DM,/Volumes/MOCP_AI/Starn_DM
1418,Starsky_P,/Volumes/MOCP_AI/Starsky_P
1419,"Startt, J","/Volumes/MOCP_AI/Startt, J"
1420,Steacy_W,/Volumes/MOCP_AI/Steacy_W
1421,Stearns_P,/Volumes/MOCP_AI/Stearns_P
1422,Steck_J,/Volumes/MOCP_AI/Steck_J
1423,Stegen_M,/Volumes/MOCP_AI/Stegen_M
1424,Steger_T,/Volumes/MOCP_AI/Steger_T
1425,Steichen_E,/Volumes/MOCP_AI/Steichen_E
1426,Stein_A,/Volumes/MOCP_AI/Stein_A
1427,Steiner_R,/Volumes/MOCP_AI/Steiner_R
1428,Steinmetz_M,/Volumes/MOCP_AI/Steinmetz_M
1429,Sterling_J,/Volumes/MOCP_AI/Sterling_J
1430,Sternfeld_J,/Volumes/MOCP_AI/Sternfeld_J
1431,Stettner_L,/Volumes/MOCP_AI/Stettner_L
1432,Stevens_C,/Volumes/MOCP_AI/Stevens_C
1433,Stewart_F,/Volumes/MOCP_AI/Stewart_F
1434,Stiegler_R,/Volumes/MOCP_AI/Stiegler_R
1435,Stieglitz_A,/Volumes/MOCP_AI/Stieglitz_A
1436,Stimac_G,/Volumes/MOCP_AI/Stimac_G
1437,low-res,/Volumes/MOCP_AI/Stivers_R/low-res
1438,Stivers_R,/Volumes/MOCP_AI/Stivers_R
1439,Stock_D,/Volumes/MOCP_AI/Stock_D
1440,Stone_J,/Volumes/MOCP_AI/Stone_J
1441,Stoumen_L,/Volumes/MOCP_AI/Stoumen_L
1442,Strand_P,/Volumes/MOCP_AI/Strand_P
1443,Strassheim_A,/Volumes/MOCP_AI/Strassheim_A
1444,Stratton_M,/Volumes/MOCP_AI/Stratton_M
1445,Streit_J,/Volumes/MOCP_AI/Streit_J
1446,Strembicki_S,/Volumes/MOCP_AI/Strembicki_S
1447,Struss_K,/Volumes/MOCP_AI/Struss_K
1448,Struth_T,/Volumes/MOCP_AI/Struth_T
1449,StudInd7,/Volumes/MOCP_AI/StudInd7
1450,Student,/Volumes/MOCP_AI/Student
1451,"Study Prints","/Volumes/MOCP_AI/Study Prints"
1452,Stuke_K,/Volumes/MOCP_AI/Stuke_K
1453,Stulgaitis_G,/Volumes/MOCP_AI/Stulgaitis_G
1454,Sturges_J,/Volumes/MOCP_AI/Sturges_J
1455,Sudek_J,/Volumes/MOCP_AI/Sudek_J
1456,Sultan_L,/Volumes/MOCP_AI/Sultan_L
1457,Sundance_E,/Volumes/MOCP_AI/Sundance_E
1458,Surbaugh_C,/Volumes/MOCP_AI/Surbaugh_C
1459,Sussman_R,/Volumes/MOCP_AI/Sussman_R
1460,Sutcliffe_FM,/Volumes/MOCP_AI/Sutcliffe_FM
1461,Swanson_AH,/Volumes/MOCP_AI/Swanson_AH
1462,Swanson_N,/Volumes/MOCP_AI/Swanson_N
1463,Swedlund_C,/Volumes/MOCP_AI/Swedlund_C
1464,Sweetman_A,/Volumes/MOCP_AI/Sweetman_A
1465,Szarkowski_J,/Volumes/MOCP_AI/Szarkowski_J
1466,Szoradi_S,/Volumes/MOCP_AI/Szoradi_S
1467,Szucs_S,/Volumes/MOCP_AI/Szucs_S
1468,Singh_R,/Volumes/MOCP_AI/Singh_R
1469,"TO BE PHOTOGRAPHED","/Volumes/MOCP_AI/TO BE PHOTOGRAPHED"
1470,Taboada_M,/Volumes/MOCP_AI/Taboada_M
1471,Taka_R,/Volumes/MOCP_AI/Taka_R
1472,Takashima_A,/Volumes/MOCP_AI/Takashima_A
1473,Tamagni_D,/Volumes/MOCP_AI/Tamagni_D
1474,Tancic_M,/Volumes/MOCP_AI/Tancic_M
1475,Tani_D,/Volumes/MOCP_AI/Tani_D
1476,Tarnovetski_V,/Volumes/MOCP_AI/Tarnovetski_V
1477,Tasset_T,/Volumes/MOCP_AI/Tasset_T
1478,Tate_J,/Volumes/MOCP_AI/Tate_J
1479,Taussig_A,/Volumes/MOCP_AI/Taussig_A
1480,Tavakolian_N,/Volumes/MOCP_AI/Tavakolian_N
1481,Taylor-Wood_S,/Volumes/MOCP_AI/Taylor-Wood_S
1482,Taylor_D,/Volumes/MOCP_AI/Taylor_D
1483,Taylor_G,/Volumes/MOCP_AI/Taylor_G
1484,Teemer_J,/Volumes/MOCP_AI/Teemer_J
1485,Teller_A,/Volumes/MOCP_AI/Teller_A
1486,Teller_J,/Volumes/MOCP_AI/Teller_J
1487,Temkin_B,/Volumes/MOCP_AI/Temkin_B
1488,Tenno_A,/Volumes/MOCP_AI/Tenno_A
1489,Teplica_D,/Volumes/MOCP_AI/Teplica_D
1490,Teske_E,/Volumes/MOCP_AI/Teske_E
1491,Testa_R,/Volumes/MOCP_AI/Testa_R
1492,Thall_B,/Volumes/MOCP_AI/Thall_B
1493,Tholstrup_E,/Volumes/MOCP_AI/Tholstrup_E
1494,Thompson_P,/Volumes/MOCP_AI/Thompson_P
1495,Thomsen_S,/Volumes/MOCP_AI/Thomsen_S
1496,Thorne_Thomsen_R,/Volumes/MOCP_AI/Thorne_Thomsen_R
1497,Thorsen_L,/Volumes/MOCP_AI/Thorsen_L
1498,Thyn_J,/Volumes/MOCP_AI/Thyn_J
1499,Tice_G,/Volumes/MOCP_AI/Tice_G
1500,Tichy_J,/Volumes/MOCP_AI/Tichy_J
1501,Tileston_N,/Volumes/MOCP_AI/Tileston_N
1502,Toby_L,/Volumes/MOCP_AI/Toby_L
1503,Toedtemeier_T,/Volumes/MOCP_AI/Toedtemeier_T
1504,Toivanen_Wells,/Volumes/MOCP_AI/Toivanen_Wells
1505,Toles_M,/Volumes/MOCP_AI/Toles_M
1506,Tooming_P,/Volumes/MOCP_AI/Tooming_P
1507,Tourlentes_S,/Volumes/MOCP_AI/Tourlentes_S
1508,Traub_A,/Volumes/MOCP_AI/Traub_A
1509,Traub_C,/Volumes/MOCP_AI/Traub_C
1510,Tremonto_R,/Volumes/MOCP_AI/Tremonto_R
1511,Tress_A,/Volumes/MOCP_AI/Tress_A
1512,Triburgo_L,/Volumes/MOCP_AI/Triburgo_L
1513,Trice_C,/Volumes/MOCP_AI/Trice_C
1514,Trilling_J,/Volumes/MOCP_AI/Trilling_J
1515,Trotter_C,/Volumes/MOCP_AI/Trotter_C
1516,Truax_K,/Volumes/MOCP_AI/Truax_K
1517,Tsai_K,/Volumes/MOCP_AI/Tsai_K
1518,Turner_T,/Volumes/MOCP_AI/Turner_T
1519,Ude_I,/Volumes/MOCP_AI/Ude_I
1520,Uelsmann_J,/Volumes/MOCP_AI/Uelsmann_J
1521,Uhlmann_G,/Volumes/MOCP_AI/Uhlmann_G
1522,Ullrich_A,/Volumes/MOCP_AI/Ullrich_A
1523,Ulmann_D,/Volumes/MOCP_AI/Ulmann_D
1524,Ulrich_B,/Volumes/MOCP_AI/Ulrich_B
1525,Umbach_G,/Volumes/MOCP_AI/Umbach_G
1526,Umbrico_P,/Volumes/MOCP_AI/Umbrico_P
1527,"Unidentified Artists","/Volumes/MOCP_AI/Unidentified Artists"
1528,1996_287,/Volumes/MOCP_AI/Unknown/1996_287
1529,"Chicago Daily News Photographs","/Volumes/MOCP_AI/Unknown/Chicago Daily News Photographs"
1530,"FSA photographers","/Volumes/MOCP_AI/Unknown/FSA photographers"
1531,"Found In Collection","/Volumes/MOCP_AI/Unknown/Found In Collection"
1532,Unknown,/Volumes/MOCP_AI/Unknown
1533,UnknownArtists,/Volumes/MOCP_AI/UnknownArtists
1534,Urbakawieius_R,/Volumes/MOCP_AI/Urbakawieius_R
1535,Urbonas_R,/Volumes/MOCP_AI/Urbonas_R
1536,Uzzle_B,/Volumes/MOCP_AI/Uzzle_B
1537,Vachon_J,/Volumes/MOCP_AI/Vachon_J
1538,Vail_R,/Volumes/MOCP_AI/Vail_R
1539,Vajd_A,/Volumes/MOCP_AI/Vajd_A
1540,low-res,/Volumes/MOCP_AI/Valenti_L/low-res
1541,Valenti_L,/Volumes/MOCP_AI/Valenti_L
1542,VanDerZee_J,/Volumes/MOCP_AI/VanDerZee_J
1543,VanManen_B,/Volumes/MOCP_AI/VanManen_B
1544,VanSant_G,/Volumes/MOCP_AI/VanSant_G
1545,Vanek_K,/Volumes/MOCP_AI/Vanek_K
1546,Vanstephens_H,/Volumes/MOCP_AI/Vanstephens_H
1547,Vanvechten_C,/Volumes/MOCP_AI/Vanvechten_C
1548,Vela_JL,/Volumes/MOCP_AI/Vela_JL
1549,Verburg_J,/Volumes/MOCP_AI/Verburg_J
1550,Verene_C,/Volumes/MOCP_AI/Verene_C
1551,Vicken_R,/Volumes/MOCP_AI/Vicken_R
1552,Villasenor_E,/Volumes/MOCP_AI/Villasenor_E
1553,Viola_B,/Volumes/MOCP_AI/Viola_B
1554,Vishniac_R,/Volumes/MOCP_AI/Vishniac_R
1555,Vitone_D,/Volumes/MOCP_AI/Vitone_D
1556,Voelcker_E,/Volumes/MOCP_AI/Voelcker_E
1557,Vojir_M,/Volumes/MOCP_AI/Vojir_M
1558,Volke_K,/Volumes/MOCP_AI/Volke_K
1559,Volkerding_L,/Volumes/MOCP_AI/Volkerding_L
1560,Volkman_T,/Volumes/MOCP_AI/Volkman_T
1561,Voltattorni_M,/Volumes/MOCP_AI/Voltattorni_M
1562,Wagner_Catherine,/Volumes/MOCP_AI/Wagner_Catherine
1563,Wagner_Craig,/Volumes/MOCP_AI/Wagner_Craig
1564,WahlStephens_G,/Volumes/MOCP_AI/WahlStephens_G
1565,Wainio_A,/Volumes/MOCP_AI/Wainio_A
1566,Walker_J,/Volumes/MOCP_AI/Walker_J
1567,Walker_T,/Volumes/MOCP_AI/Walker_T
1568,Wall_J,/Volumes/MOCP_AI/Wall_J
1569,Walsh_E,/Volumes/MOCP_AI/Walsh_E
1570,Wandrag_J,/Volumes/MOCP_AI/Wandrag_J
1571,Ward_J,/Volumes/MOCP_AI/Ward_J
1572,Warhol_scans,/Volumes/MOCP_AI/Warhol_A/Warhol_scans
1573,Warhol_A,/Volumes/MOCP_AI/Warhol_A
1574,Warner_E,/Volumes/MOCP_AI/Warner_E
1575,Washburn_WR,/Volumes/MOCP_AI/Washburn_WR
1576,Watson_A,/Volumes/MOCP_AI/Watson_A
1577,Watts_T,/Volumes/MOCP_AI/Watts_T
1578,Webb_A,/Volumes/MOCP_AI/Webb_A
1579,Weegee,/Volumes/MOCP_AI/Weegee
1580,Weeks_D,/Volumes/MOCP_AI/Weeks_D
1581,Weeks_E,/Volumes/MOCP_AI/Weeks_E
1582,Weems_C,/Volumes/MOCP_AI/Weems_C
1583,Wegman_W,/Volumes/MOCP_AI/Wegman_W
1584,Wei_S,/Volumes/MOCP_AI/Wei_S
1585,Wein_J,/Volumes/MOCP_AI/Wein_J
1586,Weinstein_J,/Volumes/MOCP_AI/Weinstein_J
1587,Weiss_J,/Volumes/MOCP_AI/Weiss_J
1588,Welling_J,/Volumes/MOCP_AI/Welling_J
1589,Wells_A,/Volumes/MOCP_AI/Wells_A
1590,Welpott_Jack,/Volumes/MOCP_AI/Welpott_Jack
1591,Wenger_J,/Volumes/MOCP_AI/Wenger_J
1592,Wessel_H,/Volumes/MOCP_AI/Wessel_H
1593,West_D,/Volumes/MOCP_AI/West_D
1594,West_E,/Volumes/MOCP_AI/West_E
1595,Weston_B,/Volumes/MOCP_AI/Weston_B
1596,Weston_E,/Volumes/MOCP_AI/Weston_E
1597,Wharton_M,/Volumes/MOCP_AI/Wharton_M
1598,Wheeler_W,/Volumes/MOCP_AI/Wheeler_W
1599,White_C,/Volumes/MOCP_AI/White_C
1600,White_Ch,/Volumes/MOCP_AI/White_Ch
1601,White_K,/Volumes/MOCP_AI/White_K
1602,White_M,/Volumes/MOCP_AI/White_M
1603,White_Steiglitz,/Volumes/MOCP_AI/White_Steiglitz
1604,White_T,/Volumes/MOCP_AI/White_T
1605,White_W,/Volumes/MOCP_AI/White_W
1606,Whiting_R,/Volumes/MOCP_AI/Whiting_R
1607,Whitlock_T,/Volumes/MOCP_AI/Whitlock_T
1608,Wielinga_A,/Volumes/MOCP_AI/Wielinga_A
1609,Wiener_SP,/Volumes/MOCP_AI/Wiener_SP
1610,WilkinsNacht_E,/Volumes/MOCP_AI/WilkinsNacht_E
1611,Williams_Carla,/Volumes/MOCP_AI/Williams_Carla
1612,Williams_Larry,/Volumes/MOCP_AI/Williams_Larry
1613,Williams_T,/Volumes/MOCP_AI/Williams_T
1614,Willis_J,/Volumes/MOCP_AI/Willis_J
1615,Wilson_B,/Volumes/MOCP_AI/Wilson_B
1616,Wilson_HC,/Volumes/MOCP_AI/Wilson_HC
1617,Winer_A,/Volumes/MOCP_AI/Winer_A
1618,Winningham_G,/Volumes/MOCP_AI/Winningham_G
1619,low-res,/Volumes/MOCP_AI/Winogrand_G/low-res
1620,Winogrand_G,/Volumes/MOCP_AI/Winogrand_G
1621,Winsor_R,/Volumes/MOCP_AI/Winsor_R
1622,Witherspoon_R,/Volumes/MOCP_AI/Witherspoon_R
1623,Witkin_JP,/Volumes/MOCP_AI/Witkin_JP
1624,Witkin_L,/Volumes/MOCP_AI/Witkin_L
1625,Wolcott_M,/Volumes/MOCP_AI/Wolcott_M
1626,low-res,/Volumes/MOCP_AI/Wolf_B/low-res
1627,Wolf_B,/Volumes/MOCP_AI/Wolf_B
1628,low-res,/Volumes/MOCP_AI/Wolf_M/low-res
1629,Wolf_M,/Volumes/MOCP_AI/Wolf_M
1630,"book pages","/Volumes/MOCP_AI/Wolin_J/book pages"
1631,Wolin_J,/Volumes/MOCP_AI/Wolin_J
1632,Wolke_J,/Volumes/MOCP_AI/Wolke_J
1633,Woodhouse_R,/Volumes/MOCP_AI/Woodhouse_R
1634,Woods_L,/Volumes/MOCP_AI/Woods_L
1635,Worth_D,/Volumes/MOCP_AI/Worth_D
1636,Wylie_W,/Volumes/MOCP_AI/Wylie_W
1637,Xiaohu_Z,/Volumes/MOCP_AI/Xiaohu_Z
1638,Xu_Xixian_Xu_Jianrong,/Volumes/MOCP_AI/Xu_Xixian_Xu_Jianrong
1639,Yager_D,/Volumes/MOCP_AI/Yager_D
1640,Yama_K,/Volumes/MOCP_AI/Yama_K
1641,Yeapanis_S,/Volumes/MOCP_AI/Yeapanis_S
1642,Yiluo_B,/Volumes/MOCP_AI/Yiluo_B
1643,Yokomizo_S,/Volumes/MOCP_AI/Yokomizo_S
1644,Yoo_H,/Volumes/MOCP_AI/Yoo_H
1645,Yoon_JM,/Volumes/MOCP_AI/Yoon_JM
1646,Yoshiyuki_K,/Volumes/MOCP_AI/Yoshiyuki_K
1647,Young_H,/Volumes/MOCP_AI/Young_H
1648,Young_N,/Volumes/MOCP_AI/Young_N
1649,Young_T,/Volumes/MOCP_AI/Young_T
1650,Younger_D,/Volumes/MOCP_AI/Younger_D
1651,Younker_R,/Volumes/MOCP_AI/Younker_R
1652,Yun_S,/Volumes/MOCP_AI/Yun_S
1653,Zann_A,/Volumes/MOCP_AI/Zann_A
1654,Zbrial_J,/Volumes/MOCP_AI/Zbrial_J
1655,Zimbel_G,/Volumes/MOCP_AI/Zimbel_G
1656,Zimmerman_M,/Volumes/MOCP_AI/Zimmerman_M
1657,"de Lory_P","/Volumes/MOCP_AI/de Lory_P"
1658,"de Meyer_A","/Volumes/MOCP_AI/de Meyer_A"
1659,deNooijer_P,/Volumes/MOCP_AI/deNooijer_P
1660,diCorcia_P,/Volumes/MOCP_AI/diCorcia_P
1661,mcCallum_j,/Volumes/MOCP_AI/mcCallum_j
1662,"van Empel_R","/Volumes/MOCP_AI/van Empel_R"
1663,"van Houtryve_T","/Volumes/MOCP_AI/van Houtryve_T"
1664,"van Rees_JT","/Volumes/MOCP_AI/van Rees_JT"
